symbol,setup_type,direction,kill_zone,entry_time,exit_time,entry_price,exit_price,sl_price,tp1_price,pnl_pips,exit_reason,partial_taken
USDJPY,FVG_CONTINUATION,SELL,,2024-11-08 07:30:00+00:00,2024-11-08 08:50:00+00:00,152.883,152.741,153.229848,,14.19999999999959,GIVEBACK_GUARD,False
USDJPY,FVG_CONTINUATION,SELL,,2024-11-08 14:00:00+00:00,2024-11-08 14:20:00+00:00,152.408,152.522,152.522,,-11.400000000000432,SL_HIT,False
USDJPY,CONTINUATION_OB,BUY,,2024-11-11 13:30:00+00:00,2024-11-12 11:45:00+00:00,153.724,154.049,153.01336,,32.500000000001705,GIVEBACK_GUARD,False
USDJPY,CONTINUATION_OB,SELL,,2024-11-18 16:15:00+00:00,2024-11-18 21:10:00+00:00,154.918,154.571,155.58154199999998,,34.70000000000084,GIVEBACK_GUARD,False
USDJPY,CONTINUATION_OB,SELL,,2024-11-19 06:00:00+00:00,2024-11-19 10:45:00+00:00,154.282,153.622,153.96389100000002,,64.57307999999898,GIVEBACK_GUARD,True
USDJPY,CONTINUATION_OB,SELL,,2024-11-19 16:00:00+00:00,2024-11-19 18:35:00+00:00,153.923,154.477338,154.477338,,-55.43380000000013,SL_HIT,False
USDJPY,FVG_CONTINUATION,SELL,,2024-11-21 07:00:00+00:00,2024-11-21 08:20:00+00:00,155.124,154.814,154.91877599999998,,37.02688000000023,GIVEBACK_GUARD,True
USDJPY,CONTINUATION_OB,SELL,,2024-11-21 13:30:00+00:00,2024-11-21 15:45:00+00:00,154.549,154.198,155.248878,,35.09999999999991,GIVEBACK_GUARD,False
USDJPY,CONTINUATION_OB,SELL,,2024-11-25 06:00:00+00:00,2024-11-25 09:55:00+00:00,154.077,154.50138600000002,154.50138600000002,,-42.43860000000268,SL_HIT,False
USDJPY,CONTINUATION_OB,BUY,,2024-11-25 13:30:00+00:00,2024-11-25 15:15:00+00:00,154.46,153.832718,153.832718,,-62.72820000000081,SL_HIT,False
USDJPY,FVG_CONTINUATION,SELL,,2024-11-26 15:15:00+00:00,2024-11-26 23:35:00+00:00,153.358,153.047,154.014414,,31.100000000000705,GIVEBACK_GUARD,False
USDJPY,FVG_CONTINUATION,SELL,,2024-11-27 07:30:00+00:00,2024-11-27 08:30:00+00:00,152.355,152.183,152.708808,,17.199999999999704,GIVEBACK_GUARD,False
USDJPY,CONTINUATION_OB,SELL,,2024-11-27 13:30:00+00:00,2024-11-27 13:45:00+00:00,151.572,151.54149999999998,151.54149999999998,,4.880000000001132,TRAILED_SL,True
USDJPY,CONTINUATION_OB,SELL,,2024-11-27 14:00:00+00:00,2024-11-27 19:00:00+00:00,151.383,150.747,151.01268000000002,,69.87839999999892,GIVEBACK_GUARD,True
USDJPY,CONTINUATION_OB,SELL,,2024-11-29 06:30:00+00:00,2024-11-29 09:30:00+00:00,150.0,149.709,150.58056,,29.09999999999968,GIVEBACK_GUARD,False
USDJPY,FVG_CONTINUATION,SELL,,2024-12-03 14:15:00+00:00,2024-12-03 14:55:00+00:00,149.836,149.673,150.232866,,16.30000000000109,GIVEBACK_GUARD,False
USDJPY,FVG_CONTINUATION,SELL,,2024-12-09 09:00:00+00:00,2024-12-09 14:50:00+00:00,150.203,150.752904,150.752904,,-54.990399999999795,SL_HIT,False
USDJPY,FVG_CONTINUATION,SELL,,2024-12-10 06:45:00+00:00,2024-12-10 08:00:00+00:00,151.117,150.939,151.484364,,17.799999999999727,GIVEBACK_GUARD,False
USDJPY,CONTINUATION_OB,SELL,,2024-12-11 15:45:00+00:00,2024-12-12 15:40:00+00:00,152.284,151.924,152.959308,,35.99999999999852,GIVEBACK_GUARD,False
USDJPY,FVG_CONTINUATION,BUY,,2024-12-13 14:30:00+00:00,2024-12-13 16:45:00+00:00,153.321,153.582,152.944498,,26.099999999999568,GIVEBACK_GUARD,False
USDJPY,FVG_CONTINUATION,BUY,,2024-12-16 15:30:00+00:00,2024-12-16 16:50:00+00:00,154.022,154.315,153.615154,,29.300000000000637,GIVEBACK_GUARD,False
USDJPY,FVG_CONTINUATION,BUY,,2024-12-18 16:00:00+00:00,2024-12-18 17:50:00+00:00,153.776,153.989,153.376632,,21.299999999999386,GIVEBACK_GUARD,False
USDJPY,CONTINUATION_OB,BUY,,2024-12-19 13:30:00+00:00,2024-12-19 16:50:00+00:00,156.82,157.266,155.975424,,44.599999999999795,GIVEBACK_GUARD,False
USDJPY,FVG_CONTINUATION,BUY,,2024-12-23 16:15:00+00:00,2024-12-24 02:35:00+00:00,157.107,157.334,156.73590000000002,,22.700000000000387,GIVEBACK_GUARD,False
USDJPY,FVG_CONTINUATION,BUY,,2025-01-07 06:15:00+00:00,2025-01-07 09:15:00+00:00,158.048,157.626116,157.626116,,-42.18840000000057,SL_HIT,False
USDJPY,FVG_CONTINUATION,BUY,,2025-01-08 09:00:00+00:00,2025-01-08 10:10:00+00:00,157.932,158.128,157.545278,,19.599999999999795,GIVEBACK_GUARD,False
USDJPY,FVG_CONTINUATION,BUY,,2025-01-10 16:15:00+00:00,2025-01-10 17:10:00+00:00,158.218,157.69397999999998,157.69397999999998,,-52.402000000000726,SL_HIT,False
USDJPY,CONTINUATION_OB,SELL,,2025-01-13 06:15:00+00:00,2025-01-13 11:55:00+00:00,157.534,157.099,158.271912,,43.50000000000023,GIVEBACK_GUARD,False
USDJPY,CONTINUATION_OB,SELL,,2025-01-13 13:30:00+00:00,2025-01-13 14:00:00+00:00,157.242,157.355,157.355,,-11.299999999999955,SL_HIT,False
USDJPY,CONTINUATION_OB,SELL,,2025-01-13 14:00:00+00:00,2025-01-13 15:05:00+00:00,157.368,157.09,157.914198,,27.79999999999916,GIVEBACK_GUARD,False
USDJPY,FVG_CONTINUATION,BUY,,2025-01-14 14:45:00+00:00,2025-01-14 15:30:00+00:00,157.851,157.47441999999998,157.47441999999998,,-37.658000000001834,SL_HIT,False
USDJPY,FVG_CONTINUATION,SELL,,2025-01-15 13:30:00+00:00,2025-01-15 15:40:00+00:00,156.948,156.495,156.736944,,43.44672000000003,GIVEBACK_GUARD,True
USDJPY,FVG_CONTINUATION,SELL,,2025-01-16 06:15:00+00:00,2025-01-16 15:30:00+00:00,155.84,156.31099799999998,156.31099799999998,,-47.09979999999803,SL_HIT,False
USDJPY,FVG_CONTINUATION,SELL,,2025-01-23 14:00:00+00:00,2025-01-23 15:10:00+00:00,156.568,156.312,156.99336,,25.600000000000023,GIVEBACK_GUARD,False
USDJPY,CONTINUATION_OB,SELL,,2025-01-27 15:15:00+00:00,2025-01-27 16:25:00+00:00,154.417,154.052,155.18475,,36.50000000000091,GIVEBACK_GUARD,False
USDJPY,FVG_CONTINUATION,SELL,,2025-01-27 16:30:00+00:00,2025-01-28 01:25:00+00:00,154.239,154.853088,154.853088,,-61.40880000000095,SL_HIT,False
USDJPY,CONTINUATION_OB,SELL,,2025-01-30 15:30:00+00:00,2025-01-30 17:20:00+00:00,154.17,153.903,154.891164,,26.69999999999959,GIVEBACK_GUARD,False
USDJPY,CONTINUATION_OB,BUY,,2025-01-31 08:30:00+00:00,2025-01-31 20:30:00+00:00,154.674,155.075,153.999384,,40.099999999998204,GIVEBACK_GUARD,False
USDJPY,CONTINUATION_OB,SELL,,2025-02-05 13:30:00+00:00,2025-02-05 17:05:00+00:00,152.778,152.374,153.360108,,40.399999999999636,GIVEBACK_GUARD,False
USDJPY,CONTINUATION_OB,SELL,,2025-02-06 06:30:00+00:00,2025-02-06 17:40:00+00:00,152.268,151.91,153.04648200000003,,35.80000000000041,GIVEBACK_GUARD,False
USDJPY,CONTINUATION_OB,SELL,,2025-02-07 15:45:00+00:00,2025-02-07 16:40:00+00:00,151.941,151.626,152.541474,,31.499999999999773,GIVEBACK_GUARD,False
USDJPY,CONTINUATION_OB,BUY,,2025-02-21 06:00:00+00:00,2025-02-21 08:20:00+00:00,150.149,150.474,149.46546999999998,,32.49999999999886,GIVEBACK_GUARD,False
USDJPY,CONTINUATION_OB,SELL,,2025-02-24 17:00:00+00:00,2025-02-25 02:15:00+00:00,149.37,150.08857799999998,150.08857799999998,,-71.85779999999795,SL_HIT,False
USDJPY,CONTINUATION_OB,SELL,,2025-02-25 16:30:00+00:00,2025-02-25 17:30:00+00:00,149.355,148.74,150.08456999999999,,61.49999999999807,GIVEBACK_GUARD,False
USDJPY,FVG_CONTINUATION,SELL,,2025-02-26 13:30:00+00:00,2025-02-26 13:45:00+00:00,149.493,149.583,149.583,,-9.000000000000341,SL_HIT,False
USDJPY,FVG_CONTINUATION,SELL,,2025-02-26 14:00:00+00:00,2025-02-26 15:25:00+00:00,149.566,149.357,150.00441,,20.90000000000032,GIVEBACK_GUARD,False
USDJPY,CONTINUATION_OB,BUY,,2025-02-28 13:45:00+00:00,2025-02-28 13:55:00+00:00,150.459,150.392,150.392,,-6.700000000000728,SL_HIT,False
USDJPY,CONTINUATION_OB,BUY,,2025-02-28 15:45:00+00:00,2025-03-03 01:15:00+00:00,150.639,150.892,150.07425,,25.29999999999859,GIVEBACK_GUARD,False
USDJPY,CONTINUATION_OB,BUY,,2025-03-04 06:00:00+00:00,2025-03-04 07:35:00+00:00,148.984,149.332,148.39062399999997,,34.79999999999848,GIVEBACK_GUARD,False
USDJPY,FVG_CONTINUATION,BUY,,2025-03-06 07:30:00+00:00,2025-03-06 09:00:00+00:00,149.065,148.63214,148.63214,,-43.28600000000051,SL_HIT,False
USDJPY,CONTINUATION_OB,SELL,,2025-03-07 06:45:00+00:00,2025-03-07 10:55:00+00:00,147.666,147.326,148.3461,,34.00000000000034,GIVEBACK_GUARD,False
USDJPY,CONTINUATION_OB,SELL,,2025-03-07 16:30:00+00:00,2025-03-07 18:55:00+00:00,147.418,147.121,148.05051,,29.699999999999704,GIVEBACK_GUARD,False
USDJPY,FVG_CONTINUATION,SELL,,2025-03-10 13:45:00+00:00,2025-03-10 14:40:00+00:00,147.114,146.877,146.930814,,31.462320000000545,GIVEBACK_GUARD,True
USDJPY,FVG_CONTINUATION,SELL,,2025-03-10 15:30:00+00:00,2025-03-10 16:10:00+00:00,147.111,146.931,147.48037200000002,,17.99999999999784,GIVEBACK_GUARD,False
USDJPY,CONTINUATION_OB,SELL,,2025-03-12 16:00:00+00:00,2025-03-12 16:50:00+00:00,148.684,148.474,149.203812,,21.000000000000796,GIVEBACK_GUARD,False
USDJPY,FVG_CONTINUATION,BUY,,2025-03-18 06:00:00+00:00,2025-03-18 08:35:00+00:00,149.622,149.818,149.28583,,19.599999999999795,GIVEBACK_GUARD,False
USDJPY,FVG_CONTINUATION,SELL,,2025-03-27 07:15:00+00:00,2025-03-27 11:05:00+00:00,150.22,150.64569,150.64569,,-42.5690000000003,SL_HIT,False
USDJPY,FVG_CONTINUATION,BUY,,2025-03-27 14:15:00+00:00,2025-03-27 18:35:00+00:00,150.818,151.075,150.35369,,25.699999999997658,GIVEBACK_GUARD,False
USDJPY,CONTINUATION_OB,BUY,,2025-03-31 13:30:00+00:00,2025-03-31 17:25:00+00:00,149.325,149.794,148.394616,,46.90000000000225,GIVEBACK_GUARD,False
USDJPY,FVG_CONTINUATION,BUY,,2025-04-02 06:00:00+00:00,2025-04-02 09:30:00+00:00,149.753,149.867,149.34571,,11.400000000000432,GIVEBACK_GUARD,False
USDJPY,FVG_CONTINUATION,SELL,,2025-04-02 16:45:00+00:00,2025-04-02 18:05:00+00:00,149.485,149.857116,149.857116,,-37.2115999999977,SL_HIT,False
USDJPY,CONTINUATION_OB,SELL,,2025-04-03 07:00:00+00:00,2025-04-03 08:35:00+00:00,147.375,147.091,148.023456,,28.39999999999918,GIVEBACK_GUARD,False
USDJPY,CONTINUATION_OB,BUY,,2025-04-04 06:00:00+00:00,2025-04-04 11:40:00+00:00,146.025,146.283,145.279858,,25.799999999998136,GIVEBACK_GUARD,False
USDJPY,FVG_CONTINUATION,SELL,,2025-04-04 16:45:00+00:00,2025-04-04 16:55:00+00:00,145.702,145.702,146.16474599999998,,0.0,GIVEBACK_GUARD,False
USDJPY,CONTINUATION_OB,BUY,,2025-04-07 06:00:00+00:00,2025-04-07 08:50:00+00:00,146.467,145.70001599999998,145.70001599999998,,-76.69840000000363,SL_HIT,False
USDJPY,FVG_CONTINUATION,SELL,,2025-04-07 09:00:00+00:00,2025-04-07 17:10:00+00:00,145.735,147.155724,147.155724,,-142.07239999999786,SL_HIT,False
USDJPY,CONTINUATION_OB,SELL,,2025-04-08 13:30:00+00:00,2025-04-08 20:00:00+00:00,146.973,146.579,147.766944,,39.400000000000546,GIVEBACK_GUARD,False
USDJPY,CONTINUATION_OB,SELL,,2025-04-09 08:15:00+00:00,2025-04-09 09:55:00+00:00,145.244,144.809,146.0415,,43.50000000000023,GIVEBACK_GUARD,False
USDJPY,CONTINUATION_OB,SELL,,2025-04-09 13:30:00+00:00,2025-04-09 15:35:00+00:00,145.07,144.064,144.692466,,85.54407999999967,GIVEBACK_GUARD,True
USDJPY,CONTINUATION_OB,SELL,,2025-04-09 16:00:00+00:00,2025-04-09 16:30:00+00:00,144.76,144.585,145.180782,,17.499999999998295,GIVEBACK_GUARD,False
USDJPY,CONTINUATION_OB,SELL,,2025-04-09 16:30:00+00:00,2025-04-09 16:40:00+00:00,144.873,144.719109,144.719109,,24.62255999999968,TRAILED_SL,True
USDJPY,CONTINUATION_OB,SELL,,2025-04-09 17:00:00+00:00,2025-04-09 19:00:00+00:00,144.716,145.180782,145.180782,,-46.47819999999854,SL_HIT,False
USDJPY,CONTINUATION_OB,SELL,,2025-04-10 15:45:00+00:00,2025-04-10 16:20:00+00:00,145.441,145.188,145.92326400000002,,25.300000000001432,GIVEBACK_GUARD,False
USDJPY,CONTINUATION_OB,SELL,,2025-04-11 06:45:00+00:00,2025-04-11 09:00:00+00:00,143.184,143.835096,143.835096,,-65.10959999999955,SL_HIT,False
USDJPY,CONTINUATION_OB,BUY,,2025-04-11 14:15:00+00:00,2025-04-11 16:40:00+00:00,142.639,142.867,142.99870400000003,,52.284480000000144,GIVEBACK_GUARD,True
USDJPY,FVG_CONTINUATION,SELL,,2025-04-14 06:00:00+00:00,2025-04-14 06:10:00+00:00,142.998,142.998,143.417262,,0.0,GIVEBACK_GUARD,False
USDJPY,CONTINUATION_OB,BUY,,2025-04-15 13:30:00+00:00,2025-04-15 14:30:00+00:00,142.913,143.06,142.547334,,14.699999999999136,GIVEBACK_GUARD,False
USDJPY,CONTINUATION_OB,SELL,,2025-04-15 14:30:00+00:00,2025-04-15 15:00:00+00:00,143.06,142.898,142.995,,14.279999999999973,GIVEBACK_GUARD,True
USDJPY,CONTINUATION_OB,SELL,,2025-04-15 15:30:00+00:00,2025-04-16 08:45:00+00:00,142.741,142.345,143.320068,,39.6000000000015,GIVEBACK_GUARD,False
USDJPY,CONTINUATION_OB,SELL,,2025-04-16 09:00:00+00:00,2025-04-16 11:25:00+00:00,142.305,142.90724400000002,142.90724400000002,,-60.22440000000131,SL_HIT,False
USDJPY,CONTINUATION_OB,BUY,,2025-04-16 15:30:00+00:00,2025-04-16 18:25:00+00:00,142.444,142.77,141.747936,,32.60000000000218,GIVEBACK_GUARD,False
USDJPY,FVG_CONTINUATION,SELL,,2025-04-21 06:00:00+00:00,2025-04-21 10:30:00+00:00,140.8,140.619,141.175788,,18.10000000000116,GIVEBACK_GUARD,False
USDJPY,CONTINUATION_OB,SELL,,2025-04-23 13:30:00+00:00,2025-04-23 16:45:00+00:00,141.836,142.372176,142.372176,,-53.61759999999833,SL_HIT,False
USDJPY,FVG_CONTINUATION,SELL,,2025-04-24 13:45:00+00:00,2025-04-25 02:20:00+00:00,142.481,142.878186,142.878186,,-39.71860000000049,SL_HIT,False
USDJPY,FVG_CONTINUATION,BUY,,2025-04-25 07:15:00+00:00,2025-04-25 17:10:00+00:00,143.6,143.779,143.15112399999998,,17.900000000000205,GIVEBACK_GUARD,False
USDJPY,CONTINUATION_OB,BUY,,2025-05-01 13:30:00+00:00,2025-05-01 15:20:00+00:00,144.256,144.586,143.673078,,33.00000000000125,GIVEBACK_GUARD,False
USDJPY,FVG_CONTINUATION,SELL,,2025-05-06 09:00:00+00:00,2025-05-06 09:45:00+00:00,143.849,143.718,144.239904,,13.100000000000023,GIVEBACK_GUARD,False
USDJPY,FVG_CONTINUATION,SELL,,2025-05-06 16:00:00+00:00,2025-05-06 16:50:00+00:00,142.643,142.402,143.02047000000002,,24.100000000001387,GIVEBACK_GUARD,False
USDJPY,CONTINUATION_OB,SELL,,2025-05-09 06:15:00+00:00,2025-05-09 09:00:00+00:00,145.656,145.445,146.078574,,21.100000000001273,GIVEBACK_GUARD,False
USDJPY,FVG_CONTINUATION,BUY,,2025-05-12 06:00:00+00:00,2025-05-12 07:00:00+00:00,145.864,145.71200000000002,145.71200000000002,,-15.199999999998681,SL_HIT,False
USDJPY,FVG_CONTINUATION,BUY,,2025-05-12 07:00:00+00:00,2025-05-12 09:45:00+00:00,145.772,146.1,145.07427,,32.800000000000296,GIVEBACK_GUARD,False
USDJPY,CONTINUATION_OB,BUY,,2025-05-12 14:30:00+00:00,2025-05-12 20:10:00+00:00,148.061,148.538,147.356696,,47.70000000000039,GIVEBACK_GUARD,False
USDJPY,FVG_CONTINUATION,SELL,,2025-05-19 07:45:00+00:00,2025-05-19 10:40:00+00:00,145.301,144.767,146.14270199999999,,53.39999999999918,GIVEBACK_GUARD,False
USDJPY,CONTINUATION_OB,SELL,,2025-05-20 06:00:00+00:00,2025-05-20 09:00:00+00:00,144.909,144.405,145.792002,,50.39999999999907,GIVEBACK_GUARD,False
USDJPY,CONTINUATION_OB,SELL,,2025-05-21 14:30:00+00:00,2025-05-21 20:30:00+00:00,143.813,143.446,144.461346,,36.69999999999902,GIVEBACK_GUARD,False
USDJPY,CONTINUATION_OB,SELL,,2025-05-22 14:45:00+00:00,2025-05-22 15:50:00+00:00,143.353,143.67076799999998,143.67076799999998,,-31.77679999999725,SL_HIT,False
USDJPY,CONTINUATION_OB,SELL,,2025-05-22 15:50:00+00:00,2025-05-22 18:05:00+00:00,143.546,143.97537599999998,143.97537599999998,,-42.937599999999065,SL_HIT,False
USDJPY,FVG_CONTINUATION,SELL,,2025-05-26 06:00:00+00:00,2025-05-26 09:30:00+00:00,142.442,142.78199400000003,142.78199400000003,,-33.999400000001856,SL_HIT,False
USDJPY,FVG_CONTINUATION,SELL,,2025-05-29 14:45:00+00:00,2025-05-29 15:10:00+00:00,145.072,144.896367,144.896367,,28.10128000000077,TRAILED_SL,True
USDJPY,CONTINUATION_OB,BUY,,2025-05-30 06:00:00+00:00,2025-05-30 17:50:00+00:00,143.898,144.274,143.213,,37.60000000000048,GIVEBACK_GUARD,False
USDJPY,FVG_CONTINUATION,BUY,,2025-06-03 07:00:00+00:00,2025-06-03 10:10:00+00:00,143.107,142.782862,142.782862,,-32.41380000000049,SL_HIT,False
USDJPY,CONTINUATION_OB,SELL,,2025-06-04 13:30:00+00:00,2025-06-04 15:25:00+00:00,144.218,143.766,143.991618,,45.245840000000044,GIVEBACK_GUARD,True
USDJPY,CONTINUATION_OB,SELL,,2025-06-05 16:15:00+00:00,2025-06-05 17:40:00+00:00,143.077,143.50644,143.50644,,-42.94399999999996,SL_HIT,False
USDJPY,CONTINUATION_OB,BUY,,2025-06-10 06:00:00+00:00,2025-06-10 06:10:00+00:00,144.96,144.894,144.894,,-6.60000000000025,SL_HIT,False
USDJPY,CONTINUATION_OB,BUY,,2025-06-10 06:30:00+00:00,2025-06-10 07:30:00+00:00,144.827,144.917,144.701,,9.000000000000341,GIVEBACK_GUARD,False
USDJPY,CONTINUATION_OB,BUY,,2025-06-10 07:30:00+00:00,2025-06-11 14:55:00+00:00,144.887,145.271,144.212996,,38.39999999999861,GIVEBACK_GUARD,False
USDJPY,CONTINUATION_OB,BUY,,2025-06-13 06:45:00+00:00,2025-06-13 12:45:00+00:00,143.48,144.054,142.74094599999998,,57.40000000000123,GIVEBACK_GUARD,False
USDJPY,FVG_CONTINUATION,BUY,,2025-06-19 15:30:00+00:00,2025-06-20 03:00:00+00:00,145.579,145.158102,145.158102,,-42.0897999999994,SL_HIT,False
USDJPY,CONTINUATION_OB,BUY,,2025-06-23 14:30:00+00:00,2025-06-23 17:00:00+00:00,147.757,147.067276,147.067276,,-68.97240000000124,SL_HIT,False
USDJPY,CONTINUATION_OB,SELL,,2025-06-26 13:45:00+00:00,2025-06-27 17:35:00+00:00,144.192,144.89922,144.89922,,-70.72200000000066,SL_HIT,False
USDJPY,CONTINUATION_OB,SELL,,2025-06-30 06:30:00+00:00,2025-06-30 08:10:00+00:00,144.268,143.885,145.045512,,38.30000000000098,GIVEBACK_GUARD,False
USDJPY,CONTINUATION_OB,SELL,,2025-07-03 17:00:00+00:00,2025-07-04 03:40:00+00:00,144.867,144.637,145.361142,,22.999999999998977,GIVEBACK_GUARD,False
USDJPY,FVG_CONTINUATION,BUY,,2025-07-09 08:00:00+00:00,2025-07-09 11:40:00+00:00,147.009,146.63813599999997,146.63813599999997,,-37.08640000000116,SL_HIT,False
USDJPY,FVG_CONTINUATION,BUY,,2025-07-10 16:00:00+00:00,2025-07-10 17:05:00+00:00,146.404,146.588,146.02037399999998,,18.39999999999975,GIVEBACK_GUARD,False
USDJPY,FVG_CONTINUATION,BUY,,2025-07-11 08:15:00+00:00,2025-07-11 17:20:00+00:00,146.891,147.41,147.100765,,45.93180000000075,GIVEBACK_GUARD,True
USDJPY,CONTINUATION_OB,SELL,,2025-07-21 13:30:00+00:00,2025-07-21 15:10:00+00:00,147.838,147.424,148.494396,,41.39999999999873,GIVEBACK_GUARD,False
USDJPY,CONTINUATION_OB,SELL,,2025-07-23 06:00:00+00:00,2025-07-23 10:35:00+00:00,146.859,146.688,147.206826,,17.10000000000207,GIVEBACK_GUARD,False
USDJPY,FVG_CONTINUATION,SELL,,2025-07-23 13:30:00+00:00,2025-07-23 14:10:00+00:00,146.432,146.304,146.748912,,12.79999999999859,GIVEBACK_GUARD,False
USDJPY,CONTINUATION_OB,BUY,,2025-07-28 06:00:00+00:00,2025-07-28 09:40:00+00:00,147.792,148.132,147.29482000000002,,34.00000000000034,GIVEBACK_GUARD,False
USDJPY,FVG_CONTINUATION,BUY,,2025-07-28 15:15:00+00:00,2025-07-28 18:30:00+00:00,148.11,148.428,147.628152,,31.799999999998363,GIVEBACK_GUARD,False
USDJPY,CONTINUATION_OB,BUY,,2025-07-29 13:30:00+00:00,2025-07-30 06:20:00+00:00,148.489,147.850706,147.850706,,-63.82940000000019,SL_HIT,False
USDJPY,CONTINUATION_OB,SELL,,2025-07-31 07:30:00+00:00,2025-07-31 10:40:00+00:00,148.903,149.56353,149.56353,,-66.05299999999943,SL_HIT,False
USDJPY,CONTINUATION_OB,BUY,,2025-08-04 06:00:00+00:00,2025-08-04 10:40:00+00:00,147.591,147.979,146.90759599999998,,38.80000000000052,GIVEBACK_GUARD,False
USDJPY,FVG_CONTINUATION,BUY,,2025-08-04 13:30:00+00:00,2025-08-04 14:55:00+00:00,147.762,147.34472,147.34472,,-41.72800000000052,SL_HIT,False
USDJPY,FVG_CONTINUATION,SELL,,2025-08-05 06:00:00+00:00,2025-08-05 11:40:00+00:00,147.176,147.547506,147.547506,,-37.15060000000108,SL_HIT,False
USDJPY,CONTINUATION_OB,BUY,,2025-08-08 07:00:00+00:00,2025-08-08 12:00:00+00:00,147.14,147.541,146.45749800000002,,40.100000000001046,GIVEBACK_GUARD,False
USDJPY,FVG_CONTINUATION,BUY,,2025-08-12 07:45:00+00:00,2025-08-12 15:30:00+00:00,148.344,148.01837,148.01837,,-32.562999999998965,SL_HIT,False
USDJPY,FVG_CONTINUATION,BUY,,2025-08-22 16:30:00+00:00,2025-08-22 17:00:00+00:00,148.534,148.175056,148.175056,,-35.89439999999797,SL_HIT,False
USDJPY,CONTINUATION_OB,SELL,,2025-08-26 06:00:00+00:00,2025-08-26 15:15:00+00:00,147.625,147.372,148.10662200000002,,25.29999999999859,GIVEBACK_GUARD,False
USDJPY,FVG_CONTINUATION,SELL,,2025-08-26 15:15:00+00:00,2025-08-28 20:20:00+00:00,147.414,146.746,148.82706,,66.7999999999978,GIVEBACK_GUARD,False
USDJPY,CONTINUATION_OB,SELL,,2025-09-01 07:15:00+00:00,2025-09-02 05:00:00+00:00,146.953,147.643698,147.643698,,-69.06979999999976,SL_HIT,False
USDJPY,CONTINUATION_OB,SELL,,2025-09-02 16:45:00+00:00,2025-09-02 17:25:00+00:00,148.398,148.054,149.15371199999998,,34.39999999999941,GIVEBACK_GUARD,False
USDJPY,CONTINUATION_OB,BUY,,2025-09-03 13:30:00+00:00,2025-09-03 17:00:00+00:00,148.688,148.239926,148.239926,,-44.80739999999912,SL_HIT,False
USDJPY,CONTINUATION_OB,SELL,,2025-09-08 13:30:00+00:00,2025-09-08 22:05:00+00:00,147.826,147.453,148.42125,,37.299999999999045,GIVEBACK_GUARD,False
USDJPY,FVG_CONTINUATION,SELL,,2025-09-09 14:00:00+00:00,2025-09-09 15:25:00+00:00,146.551,146.88618599999998,146.88618599999998,,-33.51859999999931,SL_HIT,False
USDJPY,FVG_CONTINUATION,SELL,,2025-09-09 15:25:00+00:00,2025-09-10 04:10:00+00:00,146.858,147.491394,147.491394,,-63.33940000000098,SL_HIT,False
USDJPY,FVG_CONTINUATION,BUY,,2025-09-12 08:45:00+00:00,2025-09-12 11:25:00+00:00,147.335,147.726,147.495808,,34.93696,GIVEBACK_GUARD,True
USDJPY,CONTINUATION_OB,BUY,,2025-09-12 14:00:00+00:00,2025-09-12 15:05:00+00:00,147.741,147.892,147.78250000000003,,11.019999999999186,GIVEBACK_GUARD,True
USDJPY,FVG_CONTINUATION,BUY,,2025-09-12 16:15:00+00:00,2025-09-15 06:30:00+00:00,147.78,147.45150600000002,147.45150600000002,,-32.849399999997786,SL_HIT,False
USDJPY,FVG_CONTINUATION,BUY,,2025-09-22 07:45:00+00:00,2025-09-22 10:25:00+00:00,148.275,147.88863,147.88863,,-38.636999999999944,SL_HIT,False
USDJPY,FVG_CONTINUATION,SELL,,2025-10-02 15:00:00+00:00,2025-10-02 15:50:00+00:00,146.819,147.17376,147.17376,,-35.475999999999885,SL_HIT,False
USDJPY,FVG_CONTINUATION,BUY,,2025-10-03 06:30:00+00:00,2025-10-03 11:00:00+00:00,147.682,147.36168600000002,147.36168600000002,,-32.03139999999678,SL_HIT,False
USDJPY,CONTINUATION_OB,SELL,,2025-10-06 16:15:00+00:00,2025-10-07 09:25:00+00:00,149.957,150.67775400000002,150.67775400000002,,-72.07540000000279,SL_HIT,False
USDJPY,FVG_CONTINUATION,BUY,,2025-10-07 13:30:00+00:00,2025-10-07 14:55:00+00:00,150.715,150.887,150.359678,,17.199999999999704,GIVEBACK_GUARD,False
USDJPY,CONTINUATION_OB,BUY,,2025-10-08 13:45:00+00:00,2025-10-09 09:45:00+00:00,152.718,153.058,152.061268,,34.00000000000034,GIVEBACK_GUARD,False
USDJPY,CONTINUATION_OB,BUY,,2025-10-13 14:00:00+00:00,2025-10-13 17:45:00+00:00,152.046,152.346,151.47843600000002,,30.000000000001137,GIVEBACK_GUARD,False
USDJPY,FVG_CONTINUATION,SELL,,2025-10-15 07:45:00+00:00,2025-10-15 09:15:00+00:00,151.236,150.952,151.591578,,28.39999999999918,GIVEBACK_GUARD,False
USDJPY,CONTINUATION_OB,SELL,,2025-10-16 06:00:00+00:00,2025-10-16 10:55:00+00:00,150.774,151.32905399999999,151.32905399999999,,-55.50539999999842,SL_HIT,False
USDJPY,CONTINUATION_OB,SELL,,2025-10-20 13:30:00+00:00,2025-10-20 17:40:00+00:00,150.718,150.503,151.108614,,21.50000000000034,GIVEBACK_GUARD,False
USDJPY,FVG_CONTINUATION,BUY,,2025-10-23 08:15:00+00:00,2025-10-23 10:00:00+00:00,152.374,152.579,152.41299999999998,,12.879999999998972,GIVEBACK_GUARD,True
USDJPY,FVG_CONTINUATION,BUY,,2025-10-24 06:30:00+00:00,2025-10-24 08:10:00+00:00,152.783,152.928,152.42853200000002,,14.500000000001023,GIVEBACK_GUARD,False
USDJPY,CONTINUATION_OB,SELL,,2025-10-29 06:00:00+00:00,2025-10-29 07:30:00+00:00,151.996,152.47433999999998,152.47433999999998,,-47.833999999997445,SL_HIT,False
USDJPY,CONTINUATION_OB,BUY,,2025-10-29 07:45:00+00:00,2025-10-29 20:40:00+00:00,152.353,152.77,151.673046,,41.70000000000016,GIVEBACK_GUARD,False
USDJPY,FVG_CONTINUATION,BUY,,2025-11-05 16:45:00+00:00,2025-11-05 17:10:00+00:00,153.925,154.188,154.10637000000003,,32.28439999999921,GIVEBACK_GUARD,True
USDJPY,FVG_CONTINUATION,SELL,,2025-11-07 14:15:00+00:00,2025-11-07 21:40:00+00:00,153.109,153.48135000000002,153.48135000000002,,-37.23500000000115,SL_HIT,False
USDJPY,FVG_CONTINUATION,SELL,,2025-11-11 16:30:00+00:00,2025-11-12 06:10:00+00:00,153.856,154.431246,154.431246,,-57.52459999999928,SL_HIT,False
USDJPY,FVG_CONTINUATION,BUY,,2025-11-19 13:45:00+00:00,2025-11-19 16:10:00+00:00,156.095,156.316,155.677022,,22.100000000000364,GIVEBACK_GUARD,False
USDJPY,FVG_CONTINUATION,BUY,,2025-11-20 15:15:00+00:00,2025-11-20 15:30:00+00:00,157.554,157.212944,157.212944,,-34.10560000000089,SL_HIT,False
USDJPY,FVG_CONTINUATION,SELL,,2025-11-25 06:00:00+00:00,2025-11-25 09:10:00+00:00,156.821,156.629,157.196766,,19.200000000000728,GIVEBACK_GUARD,False
USDJPY,CONTINUATION_OB,SELL,,2025-11-26 06:00:00+00:00,2025-11-26 15:50:00+00:00,155.996,156.674724,156.674724,,-67.87239999999883,SL_HIT,False
USDJPY,FVG_CONTINUATION,SELL,,2025-11-27 08:30:00+00:00,2025-11-28 02:50:00+00:00,156.17,156.51941399999998,156.51941399999998,,-34.94139999999959,SL_HIT,False
USDJPY,FVG_CONTINUATION,SELL,,2025-12-01 15:45:00+00:00,2025-12-01 18:15:00+00:00,154.833,155.203788,155.203788,,-37.078800000000456,SL_HIT,False
USDJPY,FVG_CONTINUATION,SELL,,2025-12-04 08:30:00+00:00,2025-12-04 10:25:00+00:00,155.355,154.803,155.14653899999996,,47.09532000000138,GIVEBACK_GUARD,True
USDJPY,FVG_CONTINUATION,SELL,,2025-12-04 14:30:00+00:00,2025-12-04 15:30:00+00:00,154.682,155.03845800000002,155.03845800000002,,-35.64580000000319,SL_HIT,False
USDJPY,FVG_CONTINUATION,SELL,,2025-12-05 08:00:00+00:00,2025-12-05 08:40:00+00:00,154.661,154.515,155.011404,,14.6000000000015,GIVEBACK_GUARD,False
USDJPY,FVG_CONTINUATION,SELL,,2025-12-16 15:15:00+00:00,2025-12-16 17:35:00+00:00,154.67,154.5,155.01441000000003,,16.99999999999875,GIVEBACK_GUARD,False
USDJPY,CONTINUATION_OB,SELL,,2025-12-18 15:45:00+00:00,2025-12-19 08:40:00+00:00,155.584,156.158694,156.158694,,-57.46939999999938,SL_HIT,False
USDJPY,CONTINUATION_OB,BUY,,2025-12-23 17:00:00+00:00,2025-12-24 03:50:00+00:00,156.262,155.62712199999999,155.62712199999999,,-63.48780000000147,SL_HIT,False
USDJPY,CONTINUATION_OB,SELL,,2025-12-24 06:00:00+00:00,2025-12-24 06:50:00+00:00,156.049,155.815,156.45227999999997,,23.400000000000887,GIVEBACK_GUARD,False
USDJPY,CONTINUATION_OB,SELL,,2025-12-24 06:50:00+00:00,2025-12-26 11:55:00+00:00,155.825,156.45227999999997,156.45227999999997,,-62.727999999998474,SL_HIT,False
USDJPY,FVG_CONTINUATION,SELL,,2025-12-29 06:45:00+00:00,2025-12-29 08:30:00+00:00,156.359,156.251,156.67873200000002,,10.80000000000041,GIVEBACK_GUARD,False
USDJPY,FVG_CONTINUATION,BUY,,2025-12-31 16:30:00+00:00,2026-01-05 02:20:00+00:00,156.867,157.115,156.508356,,24.800000000001887,GIVEBACK_GUARD,False
USDJPY,FVG_CONTINUATION,BUY,,2026-01-05 07:30:00+00:00,2026-01-05 10:25:00+00:00,157.115,156.75087,156.75087,,-36.413000000001716,SL_HIT,False
USDJPY,CONTINUATION_OB,BUY,,2026-01-05 15:45:00+00:00,2026-01-05 20:40:00+00:00,156.815,156.214944,156.214944,,-60.005599999999504,SL_HIT,False
USDJPY,FVG_CONTINUATION,SELL,,2026-01-08 08:30:00+00:00,2026-01-08 15:55:00+00:00,156.572,156.944262,156.944262,,-37.22620000000063,SL_HIT,False
USDJPY,CONTINUATION_OB,BUY,,2026-01-09 17:00:00+00:00,2026-01-13 05:10:00+00:00,158.101,158.672,157.05526,,57.099999999999795,GIVEBACK_GUARD,False
USDJPY,FVG_CONTINUATION,BUY,,2026-01-15 16:45:00+00:00,2026-01-16 04:35:00+00:00,158.728,158.30475600000003,158.30475600000003,,-42.32439999999826,SL_HIT,False
USDJPY,FVG_CONTINUATION,BUY,,2026-01-19 08:15:00+00:00,2026-01-19 10:00:00+00:00,157.875,158.026,157.50436,,15.100000000001046,GIVEBACK_GUARD,False
USDJPY,FVG_CONTINUATION,SELL,,2026-01-20 16:15:00+00:00,2026-01-21 21:30:00+00:00,157.885,158.425218,158.425218,,-54.02180000000101,SL_HIT,False
USDJPY,FVG_CONTINUATION,BUY,,2026-01-23 16:45:00+00:00,2026-01-23 18:20:00+00:00,158.241,157.875616,157.875616,,-36.53840000000059,SL_HIT,False
USDJPY,CONTINUATION_OB,BUY,,2026-01-26 14:15:00+00:00,2026-01-27 01:50:00+00:00,153.955,154.364,153.209966,,40.89999999999918,GIVEBACK_GUARD,False
USDJPY,FVG_CONTINUATION,SELL,,2026-01-27 06:15:00+00:00,2026-01-27 11:50:00+00:00,154.499,153.35075499999994,154.26935099999997,,73.48768000000348,TP_HIT,True
USDJPY,CONTINUATION_OB,SELL,,2026-01-27 15:00:00+00:00,2026-01-27 16:35:00+00:00,153.329,153.03,154.039464,,29.90000000000066,GIVEBACK_GUARD,False
USDJPY,CONTINUATION_OB,BUY,,2026-02-02 06:15:00+00:00,2026-02-02 15:40:00+00:00,154.85,155.254,155.023812,,37.017439999999624,GIVEBACK_GUARD,True
USDJPY,FVG_CONTINUATION,BUY,,2026-02-04 14:15:00+00:00,2026-02-04 17:00:00+00:00,156.693,156.344684,156.344684,,-34.83160000000112,SL_HIT,False
USDJPY,FVG_CONTINUATION,BUY,,2026-02-05 13:30:00+00:00,2026-02-05 15:15:00+00:00,157.14,156.791788,156.791788,,-34.82119999999895,SL_HIT,False
USDJPY,CONTINUATION_OB,SELL,,2026-02-12 06:15:00+00:00,2026-02-12 08:15:00+00:00,152.609,153.425238,153.425238,,-81.62379999999985,SL_HIT,False
USDJPY,CONTINUATION_OB,SELL,,2026-02-12 13:30:00+00:00,2026-02-12 16:40:00+00:00,153.218,153.094,153.752892,,12.399999999999523,GIVEBACK_GUARD,False
USDJPY,FVG_CONTINUATION,BUY,,2026-02-16 13:30:00+00:00,2026-02-17 01:15:00+00:00,153.409,153.622,153.08821,,21.30000000000223,GIVEBACK_GUARD,False
USDJPY,CONTINUATION_OB,SELL,,2026-02-17 06:00:00+00:00,2026-02-17 11:00:00+00:00,153.196,152.767,153.95930399999997,,42.900000000000205,GIVEBACK_GUARD,False
USDJPY,FVG_CONTINUATION,BUY,,2026-02-17 14:00:00+00:00,2026-02-17 15:50:00+00:00,153.07,153.256,152.73292199999997,,18.600000000000705,GIVEBACK_GUARD,False
USDJPY,FVG_CONTINUATION,SELL,,2026-02-24 08:15:00+00:00,2026-02-24 09:10:00+00:00,155.086,155.654688,155.654688,,-56.86879999999803,SL_HIT,False
