symbol,entry_time,exit_time,direction,setup,killzone,pnl_pips,rr_achieved,usd_pnl,exit_reason,entry_price,sl_price,tp_price,partial_taken,trail_count
GBPUSD,2024-11-08T16:20:00+00:00,2024-11-08T19:25:00+00:00,SELL,CHOCH,LONDON_CLOSE,51.0,0.8637,43.18,GIVEBACK_GUARD,1.29424,1.3001451,1.2794772500000002,False,0
GBPUSD,2024-11-11T16:05:00+00:00,2024-11-11T16:25:00+00:00,SELL,ORDER_BLOCK,LONDON_CLOSE,-5.8,-1.0,-50.0,SL_HIT,1.28696,1.28754,1.2852200000000007,False,0
GBPUSD,2024-11-11T16:35:00+00:00,2024-11-12T04:50:00+00:00,SELL,FVG_CONTINUATION,LONDON_CLOSE,18.7,0.5245,26.22,GIVEBACK_GUARD,1.28678,1.2903455400000001,1.27786615,False,0
GBPUSD,2024-11-12T15:50:00+00:00,2024-11-12T16:35:00+00:00,SELL,CHOCH,NY_OPEN,11.86,2.0991,104.96,GIVEBACK_GUARD,1.28047,1.279905,1.2690648000000002,True,0
GBPUSD,2024-11-12T16:35:00+00:00,2024-11-12T18:10:00+00:00,SELL,CHOCH,LONDON_CLOSE,33.4,0.5064,25.32,GIVEBACK_GUARD,1.27901,1.28560608,1.2625198,False,0
GBPUSD,2024-11-13T15:40:00+00:00,2024-11-13T16:40:00+00:00,SELL,LIQUIDITY_SWEEP_REVERSAL,NY_OPEN,15.56,1.6041,80.21,GIVEBACK_GUARD,1.27439,1.2734199999999998,1.265047875,True,0
GBPUSD,2024-11-13T16:40:00+00:00,2024-11-13T17:10:00+00:00,SELL,CHOCH,LONDON_CLOSE,33.6,0.5606,28.03,GIVEBACK_GUARD,1.27341,1.2794037,1.2584257499999998,False,0
GBPUSD,2024-11-14T13:40:00+00:00,2024-11-14T16:15:00+00:00,SELL,FVG_CONTINUATION,NY_OPEN,-26.21,-1.0,-50.0,SL_HIT,1.26538,1.26800094,1.2588276499999997,False,0
GBPUSD,2024-11-15T14:35:00+00:00,2024-11-15T17:20:00+00:00,BUY,CHOCH,NY_OPEN,-45.6,-1.0,-50.0,SL_HIT,1.2668,1.26224046,1.2781988499999999,False,0
GBPUSD,2024-11-19T13:40:00+00:00,2024-11-19T18:20:00+00:00,SELL,FVG_CONTINUATION,NY_OPEN,-46.2,-1.0,-50.0,SL_HIT,1.26315,1.26777048,1.2515988,False,0
GBPUSD,2024-11-21T16:15:00+00:00,2024-11-21T16:20:00+00:00,BUY,ORDER_BLOCK,LONDON_CLOSE,-4.4,-1.0,-50.0,SL_HIT,1.26363,1.26319,1.26495,False,0
GBPUSD,2024-11-21T16:55:00+00:00,2024-11-21T17:05:00+00:00,BUY,ORDER_BLOCK,LONDON_CLOSE,6.04,3.3556,167.78,TRAILED_SL,1.26355,1.26452,1.2646299999999997,True,1
GBPUSD,2024-11-25T16:40:00+00:00,2024-11-26T02:05:00+00:00,BUY,CONTINUATION_OB,LONDON_CLOSE,-58.4,-1.0,-50.0,SL_HIT,1.25838,1.2525399,1.2759003000000004,False,0
GBPUSD,2024-11-26T15:15:00+00:00,2024-11-26T15:20:00+00:00,BUY,ORDER_BLOCK,NY_OPEN,-2.6,-1.0,-50.0,SL_HIT,1.25956,1.2593,1.2603399999999998,False,0
GBPUSD,2024-11-26T15:55:00+00:00,2024-11-26T16:00:00+00:00,BUY,ORDER_BLOCK,NY_OPEN,-5.2,-1.0,-50.0,SL_HIT,1.25811,1.25759,1.2596700000000003,False,0
GBPUSD,2024-11-26T16:25:00+00:00,2024-11-26T16:30:00+00:00,BUY,ORDER_BLOCK,LONDON_CLOSE,-7.9,-1.0,-50.0,SL_HIT,1.2582,1.2574100000000001,1.2605699999999995,False,0
GBPUSD,2024-11-27T16:20:00+00:00,2024-11-27T17:55:00+00:00,BUY,FVG_CONTINUATION,LONDON_CLOSE,20.7,0.649,32.45,GIVEBACK_GUARD,1.26552,1.26233028,1.2734942999999999,False,0
GBPUSD,2024-11-28T13:35:00+00:00,2024-11-29T01:35:00+00:00,BUY,CHOCH,NY_OPEN,22.9,0.4772,23.86,GIVEBACK_GUARD,1.26666,1.2618612200000001,1.2786569499999993,False,0
GBPUSD,2024-11-29T14:55:00+00:00,2024-11-29T20:10:00+00:00,BUY,LIQUIDITY_SWEEP_REVERSAL,NY_OPEN,31.43,2.1249,106.25,GIVEBACK_GUARD,1.26971,1.2711890099999998,1.2771050499999996,True,0
GBPUSD,2024-12-02T15:30:00+00:00,2024-12-02T17:05:00+00:00,SELL,CHOCH,NY_OPEN,43.1,0.6092,30.46,GIVEBACK_GUARD,1.26761,1.27468428,1.2499242999999995,False,0
GBPUSD,2024-12-04T13:40:00+00:00,2024-12-04T17:30:00+00:00,BUY,CONTINUATION_OB,NY_OPEN,9.0,0.2271,11.35,GIVEBACK_GUARD,1.2680500000000001,1.26408676,1.2799397200000002,False,0
GBPUSD,2024-12-06T16:30:00+00:00,2024-12-06T19:25:00+00:00,SELL,CHOCH,LONDON_CLOSE,36.6,0.5082,25.41,GIVEBACK_GUARD,1.27637,1.28357202,1.2583649499999998,False,0
GBPUSD,2024-12-09T13:55:00+00:00,2024-12-09T15:35:00+00:00,BUY,FVG_CONTINUATION,NY_OPEN,13.5,0.5033,25.16,GIVEBACK_GUARD,1.2763900000000001,1.27370748,1.2830963000000009,False,0
GBPUSD,2024-12-09T15:35:00+00:00,2024-12-09T16:10:00+00:00,SELL,FVG_CONTINUATION,NY_OPEN,6.8,0.6667,33.33,GIVEBACK_GUARD,1.27774,1.27876,1.2700678999999997,False,0
GBPUSD,2024-12-09T16:30:00+00:00,2024-12-09T22:30:00+00:00,SELL,CHOCH,LONDON_CLOSE,24.1,0.6045,30.23,GIVEBACK_GUARD,1.2769,1.28088666,1.26693335,False,0
GBPUSD,2024-12-10T15:30:00+00:00,2024-12-10T15:50:00+00:00,SELL,ORDER_BLOCK,NY_OPEN,3.44,1.6,80.0,TRAILED_SL,1.27568,1.2754649999999998,1.2743899999999995,True,0
GBPUSD,2024-12-10T16:00:00+00:00,2024-12-10T16:25:00+00:00,SELL,ORDER_BLOCK,NY_OPEN,-3.6,-1.0,-50.0,SL_HIT,1.27575,1.27611,1.2746699999999995,False,0
GBPUSD,2024-12-11T13:30:00+00:00,2024-12-11T13:35:00+00:00,SELL,ORDER_BLOCK,NY_OPEN,-3.3,-1.0,-50.0,SL_HIT,1.27291,1.27324,1.2719200000000002,False,0
GBPUSD,2024-12-11T16:30:00+00:00,2024-12-12T09:25:00+00:00,BUY,FVG_CONTINUATION,LONDON_CLOSE,18.3,0.4634,23.17,GIVEBACK_GUARD,1.27602,1.27207076,1.2858930999999996,False,0
GBPUSD,2024-12-12T15:35:00+00:00,2024-12-12T16:20:00+00:00,BUY,LIQUIDITY_SWEEP_REVERSAL,NY_OPEN,-30.12,-1.0,-50.0,SL_HIT,1.2736100000000001,1.27059813,1.2811396750000004,False,0
GBPUSD,2024-12-12T16:40:00+00:00,2024-12-12T17:45:00+00:00,SELL,FVG_CONTINUATION,LONDON_CLOSE,35.17,2.4987,124.94,GIVEBACK_GUARD,1.27224,1.27083249,1.2652024500000003,True,0
GBPUSD,2024-12-17T15:50:00+00:00,2024-12-17T16:45:00+00:00,SELL,ORDER_BLOCK,NY_OPEN,9.26,1.8337,91.68,GIVEBACK_GUARD,1.2699099999999999,1.269405,1.2668799999999993,True,0
GBPUSD,2024-12-18T13:30:00+00:00,2024-12-18T21:00:00+00:00,BUY,CHOCH,NY_OPEN,-59.56,-1.0,-50.0,SL_HIT,1.27128,1.26532428,1.2861693,False,0
GBPUSD,2024-12-23T15:00:00+00:00,2024-12-23T18:20:00+00:00,SELL,FVG_CONTINUATION,NY_OPEN,12.3,0.4248,21.24,GIVEBACK_GUARD,1.2524199999999999,1.25531562,1.2451809499999995,False,0
GBPUSD,2024-12-26T17:00:00+00:00,2024-12-26T17:10:00+00:00,SELL,FVG_CONTINUATION,LONDON_CLOSE,-8.9,-1.0,-50.0,SL_HIT,1.25001,1.2509,1.2437779999999996,False,0
GBPUSD,2024-12-27T13:30:00+00:00,2024-12-27T17:50:00+00:00,BUY,CHOCH,NY_OPEN,27.2,0.3994,19.97,GIVEBACK_GUARD,1.25469,1.24787924,1.2717169000000001,False,0
GBPUSD,2024-12-30T14:20:00+00:00,2024-12-30T17:25:00+00:00,BUY,CHOCH,NY_OPEN,-59.52,-1.0,-50.0,SL_HIT,1.25948,1.25352792,1.2743601999999998,False,0
GBPUSD,2024-12-31T13:30:00+00:00,2024-12-31T14:15:00+00:00,SELL,CHOCH,NY_OPEN,-10.8,-1.0,-50.0,SL_HIT,1.25328,1.25436,1.2381610000000007,False,0
GBPUSD,2024-12-31T14:25:00+00:00,2024-12-31T14:40:00+00:00,SELL,CHOCH,NY_OPEN,-0.9,-0.0833,-4.17,GIVEBACK_GUARD,1.25387,1.25495,1.2402610000000007,False,0
GBPUSD,2024-12-31T14:55:00+00:00,2025-01-02T10:30:00+00:00,SELL,CHOCH,NY_OPEN,29.5,0.465,23.25,GIVEBACK_GUARD,1.25297,1.2593135999999998,1.237111,False,0
GBPUSD,2025-01-02T13:45:00+00:00,2025-01-02T13:55:00+00:00,SELL,ORDER_BLOCK,NY_OPEN,1.82,0.8878,44.39,GIVEBACK_GUARD,1.24509,1.244885,1.24386,True,0
GBPUSD,2025-01-06T16:45:00+00:00,2025-01-07T11:05:00+00:00,SELL,CONTINUATION_OB,LONDON_CLOSE,-61.89,-1.0,-50.0,SL_HIT,1.251,1.25718936,1.2324319199999998,False,0
GBPUSD,2025-01-07T13:40:00+00:00,2025-01-07T17:10:00+00:00,SELL,CHOCH,NY_OPEN,47.1,0.8198,40.99,GIVEBACK_GUARD,1.2542499999999999,1.25999496,1.2398875999999994,False,0
GBPUSD,2025-01-08T16:15:00+00:00,2025-01-08T16:35:00+00:00,BUY,ORDER_BLOCK,LONDON_CLOSE,-12.7,-1.0,-50.0,SL_HIT,1.23419,1.23292,1.2379999999999995,False,0
GBPUSD,2025-01-09T15:55:00+00:00,2025-01-10T15:30:00+00:00,BUY,CONTINUATION_OB,NY_OPEN,-46.95,-1.0,-50.0,SL_HIT,1.22994,1.2252446,1.2440262000000004,False,0
GBPUSD,2025-01-10T15:40:00+00:00,2025-01-13T05:25:00+00:00,SELL,CHOCH,NY_OPEN,68.3,0.622,31.1,GIVEBACK_GUARD,1.2222,1.23318144,1.1947463999999997,False,0
GBPUSD,2025-01-13T13:30:00+00:00,2025-01-13T23:45:00+00:00,SELL,CONTINUATION_OB,NY_OPEN,-63.83,-1.0,-50.0,SL_HIT,1.21259,1.21897308,1.19344076,False,0
GBPUSD,2025-01-14T13:35:00+00:00,2025-01-14T13:45:00+00:00,SELL,CHOCH,NY_OPEN,3.1,0.4133,20.67,GIVEBACK_GUARD,1.21844,1.21919,1.1957825999999998,False,0
GBPUSD,2025-01-14T14:25:00+00:00,2025-01-14T15:00:00+00:00,SELL,ORDER_BLOCK,NY_OPEN,7.76,1.6,80.0,TRAILED_SL,1.21696,1.216475,1.2140500000000003,True,0
GBPUSD,2025-01-14T15:30:00+00:00,2025-01-14T15:45:00+00:00,SELL,ORDER_BLOCK,NY_OPEN,-12.6,-1.0,-50.0,SL_HIT,1.21537,1.2166299999999999,1.2115900000000006,False,0
GBPUSD,2025-01-14T16:15:00+00:00,2025-01-14T16:35:00+00:00,SELL,ORDER_BLOCK,LONDON_CLOSE,-17.2,-1.0,-50.0,SL_HIT,1.21564,1.21736,1.2104800000000002,False,0
GBPUSD,2025-01-14T16:45:00+00:00,2025-01-14T17:00:00+00:00,SELL,ORDER_BLOCK,LONDON_CLOSE,-18.1,-1.0,-50.0,SL_HIT,1.21555,1.21736,1.2101199999999996,False,0
GBPUSD,2025-01-15T16:30:00+00:00,2025-01-15T16:50:00+00:00,BUY,ORDER_BLOCK,LONDON_CLOSE,-13.3,-1.0,-50.0,SL_HIT,1.22904,1.22771,1.2330299999999994,False,0
GBPUSD,2025-01-16T13:45:00+00:00,2025-01-16T17:50:00+00:00,BUY,CHOCH,NY_OPEN,21.6,0.4856,24.28,GIVEBACK_GUARD,1.22085,1.2164023199999998,1.2319692000000004,False,0
GBPUSD,2025-01-20T14:50:00+00:00,2025-01-20T15:30:00+00:00,SELL,FVG_CONTINUATION,NY_OPEN,-26.1,-1.0,-50.0,SL_HIT,1.2197,1.22230974,1.21317565,False,0
GBPUSD,2025-01-21T14:25:00+00:00,2025-01-21T14:55:00+00:00,SELL,ORDER_BLOCK,NY_OPEN,5.2,0.437,21.85,GIVEBACK_GUARD,1.22488,1.22607,1.22131,False,0
GBPUSD,2025-01-21T15:00:00+00:00,2025-01-21T15:30:00+00:00,SELL,ORDER_BLOCK,NY_OPEN,-13.8,-1.0,-50.0,SL_HIT,1.22469,1.22607,1.2205500000000002,False,0
GBPUSD,2025-01-21T16:10:00+00:00,2025-01-21T17:25:00+00:00,BUY,CHOCH,LONDON_CLOSE,9.5,0.5655,28.27,GIVEBACK_GUARD,1.2285300000000001,1.22685,1.2489939500000005,False,0
GBPUSD,2025-01-22T15:20:00+00:00,2025-01-22T15:35:00+00:00,BUY,ORDER_BLOCK,NY_OPEN,-13.2,-1.0,-50.0,SL_HIT,1.2357,1.23438,1.23966,False,0
GBPUSD,2025-01-23T13:40:00+00:00,2025-01-23T18:35:00+00:00,BUY,CHOCH,NY_OPEN,19.7,0.3864,19.32,GIVEBACK_GUARD,1.23186,1.22676156,1.2446061,False,0
GBPUSD,2025-01-27T13:40:00+00:00,2025-01-29T15:15:00+00:00,BUY,CHOCH,NY_OPEN,-100.45,-1.0,-50.0,SL_HIT,1.25004,1.23999504,1.2751524000000003,False,0
GBPUSD,2025-01-30T13:55:00+00:00,2025-01-30T15:00:00+00:00,SELL,CHOCH,NY_OPEN,-11.6,-1.0,-50.0,SL_HIT,1.2426300000000001,1.24379,1.2276243000000004,False,0
GBPUSD,2025-01-30T15:55:00+00:00,2025-01-31T16:10:00+00:00,BUY,CHOCH,NY_OPEN,-67.95,-1.0,-50.0,SL_HIT,1.24664,1.23984534,1.26362665,False,0
GBPUSD,2025-02-05T13:55:00+00:00,2025-02-05T15:10:00+00:00,BUY,ORDER_BLOCK,NY_OPEN,9.22,1.8626,93.13,GIVEBACK_GUARD,1.25304,1.2535349999999998,1.2560099999999994,True,0
GBPUSD,2025-02-05T15:15:00+00:00,2025-02-05T15:30:00+00:00,BUY,ORDER_BLOCK,NY_OPEN,1.06,0.6057,30.29,GIVEBACK_GUARD,1.2524,1.2525749999999998,1.2534499999999995,True,0
GBPUSD,2025-02-06T13:45:00+00:00,2025-02-06T14:00:00+00:00,SELL,ORDER_BLOCK,NY_OPEN,6.04,3.3556,167.78,TRAILED_SL,1.24232,1.24135,1.2412400000000003,True,1
GBPUSD,2025-02-06T15:00:00+00:00,2025-02-06T15:10:00+00:00,SELL,ORDER_BLOCK,NY_OPEN,-12.5,-1.0,-50.0,SL_HIT,1.23703,1.23828,1.2332800000000002,False,0
GBPUSD,2025-02-06T15:40:00+00:00,2025-02-06T15:45:00+00:00,SELL,ORDER_BLOCK,NY_OPEN,4.5,3.6,180.0,TP_HIT,1.23845,1.2383250000000001,1.2377000000000005,True,0
GBPUSD,2025-02-06T16:10:00+00:00,2025-02-06T20:40:00+00:00,SELL,CONTINUATION_OB,LONDON_CLOSE,-58.45,-1.0,-50.0,SL_HIT,1.23926,1.24510524,1.22172428,False,0
GBPUSD,2025-02-07T15:40:00+00:00,2025-02-07T18:05:00+00:00,SELL,LIQUIDITY_SWEEP_REVERSAL,NY_OPEN,25.7,0.373,18.65,GIVEBACK_GUARD,1.24359,1.2504792299999998,1.2263669250000002,False,0
GBPUSD,2025-02-10T14:00:00+00:00,2025-02-10T14:20:00+00:00,SELL,CHOCH,NY_OPEN,11.28,2.1692,108.46,GIVEBACK_GUARD,1.23954,1.23902,1.2218894999999999,True,0
GBPUSD,2025-02-10T14:50:00+00:00,2025-02-10T15:15:00+00:00,SELL,CHOCH,NY_OPEN,-7.7,-1.0,-50.0,SL_HIT,1.2387,1.23947,1.2240595,False,0
GBPUSD,2025-02-10T15:20:00+00:00,2025-02-10T21:05:00+00:00,SELL,CHOCH,NY_OPEN,22.7,0.4272,21.36,GIVEBACK_GUARD,1.23927,1.2445842,1.2259845000000003,False,0
GBPUSD,2025-02-13T16:50:00+00:00,2025-02-13T17:15:00+00:00,SELL,FVG_CONTINUATION,LONDON_CLOSE,-29.17,-1.0,-50.0,SL_HIT,1.24818,1.2510972,1.2408870000000003,False,0
GBPUSD,2025-02-14T13:50:00+00:00,2025-02-14T14:05:00+00:00,BUY,ORDER_BLOCK,NY_OPEN,-6.6,-1.0,-50.0,SL_HIT,1.25813,1.25747,1.2601099999999996,False,0
GBPUSD,2025-02-17T16:15:00+00:00,2025-02-17T19:50:00+00:00,SELL,CHOCH,LONDON_CLOSE,-34.5,-1.0,-50.0,SL_HIT,1.25902,1.2624699,1.2503952500000004,False,0
GBPUSD,2025-02-18T13:30:00+00:00,2025-02-19T18:25:00+00:00,SELL,CHOCH,NY_OPEN,28.4,0.5999,29.99,GIVEBACK_GUARD,1.26001,1.26474444,1.2481739,False,0
GBPUSD,2025-02-20T13:35:00+00:00,2025-02-20T15:35:00+00:00,BUY,FVG_CONTINUATION,NY_OPEN,16.9,0.5889,29.45,GIVEBACK_GUARD,1.2602,1.2573303000000002,1.2673742499999994,False,0
GBPUSD,2025-02-21T16:25:00+00:00,2025-02-21T17:30:00+00:00,SELL,FVG_CONTINUATION,LONDON_CLOSE,22.4,0.82,41.0,GIVEBACK_GUARD,1.26558,1.26831156,1.2587511,False,0
GBPUSD,2025-02-25T17:00:00+00:00,2025-02-25T17:20:00+00:00,BUY,ORDER_BLOCK,LONDON_CLOSE,7.72,3.3565,167.83,TRAILED_SL,1.26594,1.26718,1.2673199999999998,True,1
GBPUSD,2025-03-04T13:35:00+00:00,2025-03-04T13:45:00+00:00,SELL,ORDER_BLOCK,NY_OPEN,-2.9,-1.0,-50.0,SL_HIT,1.27229,1.27258,1.2714199999999996,False,0
GBPUSD,2025-03-04T14:05:00+00:00,2025-03-04T14:10:00+00:00,SELL,ORDER_BLOCK,NY_OPEN,-4.5,-1.0,-50.0,SL_HIT,1.27373,1.2741799999999999,1.2723800000000005,False,0
GBPUSD,2025-03-04T16:30:00+00:00,2025-03-04T17:25:00+00:00,SELL,CHOCH,LONDON_CLOSE,7.6,1.6,80.0,TRAILED_SL,1.27106,1.270585,1.2535485499999994,True,0
GBPUSD,2025-03-05T15:25:00+00:00,2025-03-05T16:30:00+00:00,SELL,FVG_CONTINUATION,NY_OPEN,-36.26,-1.0,-50.0,SL_HIT,1.28194,1.285566,1.2728750000000004,False,0
GBPUSD,2025-03-06T13:30:00+00:00,2025-03-06T13:55:00+00:00,SELL,ORDER_BLOCK,NY_OPEN,-10.8,-1.0,-50.0,SL_HIT,1.2873700000000001,1.28845,1.2841300000000002,False,0
GBPUSD,2025-03-06T14:00:00+00:00,2025-03-06T14:05:00+00:00,SELL,ORDER_BLOCK,NY_OPEN,-2.1,-1.0,-50.0,SL_HIT,1.28824,1.28845,1.28761,False,0
GBPUSD,2025-03-06T14:45:00+00:00,2025-03-06T14:55:00+00:00,SELL,ORDER_BLOCK,NY_OPEN,-5.4,-1.0,-50.0,SL_HIT,1.28791,1.28845,1.2862900000000002,False,0
GBPUSD,2025-03-06T15:30:00+00:00,2025-03-06T15:35:00+00:00,SELL,ORDER_BLOCK,NY_OPEN,-3.4,-1.0,-50.0,SL_HIT,1.28811,1.28845,1.28709,False,0
GBPUSD,2025-03-06T16:05:00+00:00,2025-03-06T16:15:00+00:00,SELL,ORDER_BLOCK,LONDON_CLOSE,5.52,1.6,80.0,TRAILED_SL,1.28887,1.288525,1.2867999999999997,True,0
GBPUSD,2025-03-06T16:35:00+00:00,2025-03-06T16:45:00+00:00,SELL,ORDER_BLOCK,LONDON_CLOSE,-9.3,-1.0,-50.0,SL_HIT,1.2889300000000001,1.28986,1.2861400000000005,False,0
GBPUSD,2025-03-07T15:30:00+00:00,2025-03-07T19:15:00+00:00,BUY,LIQUIDITY_SWEEP_REVERSAL,NY_OPEN,-33.2,-1.0,-50.0,SL_HIT,1.2929599999999999,1.2896400000000001,1.3011448499999994,False,0
GBPUSD,2025-03-10T13:55:00+00:00,2025-03-10T14:10:00+00:00,BUY,ORDER_BLOCK,NY_OPEN,4.88,1.6,80.0,TRAILED_SL,1.29213,1.292435,1.29396,True,0
GBPUSD,2025-03-10T15:45:00+00:00,2025-03-10T15:55:00+00:00,BUY,ORDER_BLOCK,NY_OPEN,-6.0,-1.0,-50.0,SL_HIT,1.2929,1.2923,1.2946999999999997,False,0
GBPUSD,2025-03-10T16:15:00+00:00,2025-03-10T17:35:00+00:00,BUY,ORDER_BLOCK,LONDON_CLOSE,-10.3,-1.0,-50.0,SL_HIT,1.29143,1.2904000000000002,1.2945500000000005,False,0
GBPUSD,2025-03-11T14:00:00+00:00,2025-03-12T14:30:00+00:00,SELL,CHOCH,NY_OPEN,-36.98,-1.0,-50.0,SL_HIT,1.2929599999999999,1.2966581400000001,1.2837146499999994,False,0
GBPUSD,2025-03-12T14:30:00+00:00,2025-03-12T15:50:00+00:00,BUY,FVG_CONTINUATION,NY_OPEN,-23.6,-1.0,-50.0,SL_HIT,1.29578,1.29342,1.3023332999999995,False,0
GBPUSD,2025-03-12T16:05:00+00:00,2025-03-12T16:20:00+00:00,BUY,ORDER_BLOCK,LONDON_CLOSE,-4.6,-1.0,-50.0,SL_HIT,1.2933,1.29284,1.2946799999999996,False,0
GBPUSD,2025-03-18T16:15:00+00:00,2025-03-18T19:15:00+00:00,SELL,FVG_CONTINUATION,LONDON_CLOSE,-31.16,-1.0,-50.0,SL_HIT,1.29741,1.30052586,1.2896203499999999,False,0
GBPUSD,2025-03-19T13:45:00+00:00,2025-03-19T20:45:00+00:00,BUY,CHOCH,NY_OPEN,26.9,0.5885,29.42,GIVEBACK_GUARD,1.29757,1.29299882,1.3089979499999997,False,0
GBPUSD,2025-03-24T14:10:00+00:00,2025-03-24T14:25:00+00:00,BUY,ORDER_BLOCK,NY_OPEN,4.24,1.6,80.0,TRAILED_SL,1.29419,1.294455,1.2957799999999997,True,0
GBPUSD,2025-03-24T14:50:00+00:00,2025-03-24T15:05:00+00:00,BUY,ORDER_BLOCK,NY_OPEN,-4.0,-1.0,-50.0,SL_HIT,1.29406,1.29366,1.2952599999999999,False,0
GBPUSD,2025-03-24T16:00:00+00:00,2025-03-24T16:20:00+00:00,BUY,LIQUIDITY_SWEEP_REVERSAL,NY_OPEN,15.68,2.2085,110.42,GIVEBACK_GUARD,1.2924,1.29311,1.3041682000000003,True,0
GBPUSD,2025-03-24T16:30:00+00:00,2025-03-24T17:05:00+00:00,BUY,ORDER_BLOCK,LONDON_CLOSE,-12.7,-1.0,-50.0,SL_HIT,1.29274,1.29147,1.2965500000000003,False,0
GBPUSD,2025-03-25T14:15:00+00:00,2025-03-26T15:25:00+00:00,BUY,CHOCH,NY_OPEN,-76.4,-1.0,-50.0,SL_HIT,1.29513,1.28748986,1.3142303499999997,False,0
GBPUSD,2025-03-26T15:35:00+00:00,2025-03-26T23:35:00+00:00,SELL,ORDER_BLOCK,NY_OPEN,16.68,1.8742,93.71,GIVEBACK_GUARD,1.28872,1.28783,1.2833800000000004,True,0
GBPUSD,2025-04-01T17:00:00+00:00,2025-04-01T17:20:00+00:00,BUY,LIQUIDITY_SWEEP_REVERSAL,LONDON_CLOSE,12.56,1.6,80.0,TRAILED_SL,1.28912,1.289905,1.2994346250000004,True,0
GBPUSD,2025-04-02T13:40:00+00:00,2025-04-02T18:10:00+00:00,BUY,CHOCH,NY_OPEN,29.4,0.4765,23.83,GIVEBACK_GUARD,1.29351,1.2873401599999998,1.3089346000000002,False,0
GBPUSD,2025-04-03T13:40:00+00:00,2025-04-03T13:50:00+00:00,BUY,ORDER_BLOCK,NY_OPEN,1.32,0.4889,24.44,GIVEBACK_GUARD,1.31692,1.31719,1.31854,True,0
GBPUSD,2025-04-03T14:10:00+00:00,2025-04-03T14:15:00+00:00,BUY,ORDER_BLOCK,NY_OPEN,-5.3,-1.0,-50.0,SL_HIT,1.3158699999999999,1.31534,1.3174599999999996,False,0
GBPUSD,2025-04-03T14:40:00+00:00,2025-04-03T14:50:00+00:00,BUY,ORDER_BLOCK,NY_OPEN,4.72,1.6,80.0,TRAILED_SL,1.31697,1.317265,1.3187399999999996,True,0
GBPUSD,2025-04-03T15:10:00+00:00,2025-04-03T15:15:00+00:00,BUY,ORDER_BLOCK,NY_OPEN,-7.5,-1.0,-50.0,SL_HIT,1.3171300000000001,1.31638,1.3193800000000002,False,0
GBPUSD,2025-04-03T15:40:00+00:00,2025-04-03T16:20:00+00:00,BUY,ORDER_BLOCK,NY_OPEN,18.52,2.6457,132.29,GIVEBACK_GUARD,1.31593,1.31663,1.3201300000000002,True,0
GBPUSD,2025-04-03T17:00:00+00:00,2025-04-03T17:10:00+00:00,BUY,ORDER_BLOCK,LONDON_CLOSE,9.52,1.6,80.0,TRAILED_SL,1.31471,1.315305,1.3182800000000001,True,0
GBPUSD,2025-04-04T15:30:00+00:00,2025-04-04T15:55:00+00:00,SELL,LIQUIDITY_SWEEP_REVERSAL,NY_OPEN,25.42,2.1272,106.36,GIVEBACK_GUARD,1.30274,1.301545,1.2858179250000006,True,0
GBPUSD,2025-04-07T13:30:00+00:00,2025-04-07T14:00:00+00:00,SELL,CONTINUATION_OB,NY_OPEN,26.4,0.5101,25.5,GIVEBACK_GUARD,1.28528,1.29045576,1.26975272,False,0
GBPUSD,2025-04-07T14:50:00+00:00,2025-04-07T16:50:00+00:00,SELL,CONTINUATION_OB,NY_OPEN,28.1,0.4786,23.93,GIVEBACK_GUARD,1.28233,1.2882012600000001,1.2647162199999995,False,0
GBPUSD,2025-04-07T16:55:00+00:00,2025-04-07T17:10:00+00:00,SELL,CONTINUATION_OB,LONDON_CLOSE,-42.03,-1.0,-50.0,SL_HIT,1.27992,1.28412312,1.2673106399999996,False,0
GBPUSD,2025-04-08T13:30:00+00:00,2025-04-08T13:35:00+00:00,SELL,ORDER_BLOCK,NY_OPEN,-6.1,-1.0,-50.0,SL_HIT,1.27511,1.27572,1.27328,False,0
GBPUSD,2025-04-08T14:00:00+00:00,2025-04-08T14:10:00+00:00,SELL,ORDER_BLOCK,NY_OPEN,0.72,0.2667,13.33,GIVEBACK_GUARD,1.27626,1.27599,1.27464,True,0
GBPUSD,2025-04-08T14:30:00+00:00,2025-04-08T14:35:00+00:00,SELL,ORDER_BLOCK,NY_OPEN,-3.0,-1.0,-50.0,SL_HIT,1.2765,1.2768,1.2756,False,0
GBPUSD,2025-04-08T15:25:00+00:00,2025-04-08T15:35:00+00:00,SELL,ORDER_BLOCK,NY_OPEN,-14.2,-1.0,-50.0,SL_HIT,1.27743,1.27885,1.2731700000000001,False,0
GBPUSD,2025-04-08T15:55:00+00:00,2025-04-08T17:45:00+00:00,SELL,LIQUIDITY_SWEEP_REVERSAL,NY_OPEN,16.3,0.5701,28.51,GIVEBACK_GUARD,1.27747,1.28032905,1.2703223750000006,False,0
GBPUSD,2025-04-09T13:30:00+00:00,2025-04-09T13:40:00+00:00,SELL,ORDER_BLOCK,NY_OPEN,-12.0,-1.0,-50.0,SL_HIT,1.28116,1.28236,1.2775600000000005,False,0
GBPUSD,2025-04-09T14:00:00+00:00,2025-04-09T14:45:00+00:00,SELL,ORDER_BLOCK,NY_OPEN,8.0,0.4188,20.94,GIVEBACK_GUARD,1.28045,1.28236,1.2747200000000005,False,0
GBPUSD,2025-04-09T16:15:00+00:00,2025-04-09T17:10:00+00:00,SELL,ORDER_BLOCK,LONDON_CLOSE,23.44,2.1704,108.52,GIVEBACK_GUARD,1.2787899999999999,1.27771,1.2723099999999994,True,0
GBPUSD,2025-04-10T15:50:00+00:00,2025-04-10T16:25:00+00:00,SELL,LIQUIDITY_SWEEP_REVERSAL,NY_OPEN,15.3,0.568,28.4,GIVEBACK_GUARD,1.29237,1.2950637699999996,1.285635575000001,False,0
GBPUSD,2025-04-10T16:25:00+00:00,2025-04-10T16:30:00+00:00,BUY,ORDER_BLOCK,LONDON_CLOSE,-12.2,-1.0,-50.0,SL_HIT,1.29084,1.28962,1.2933000000000001,False,0
GBPUSD,2025-04-10T16:55:00+00:00,2025-04-10T17:10:00+00:00,BUY,ORDER_BLOCK,LONDON_CLOSE,-10.9,-1.0,-50.0,SL_HIT,1.29224,1.29115,1.2955100000000002,False,0
GBPUSD,2025-04-11T14:20:00+00:00,2025-04-11T14:45:00+00:00,BUY,ORDER_BLOCK,NY_OPEN,-10.5,-1.0,-50.0,SL_HIT,1.3091300000000001,1.30808,1.3122800000000008,False,0
GBPUSD,2025-04-11T14:50:00+00:00,2025-04-11T15:20:00+00:00,BUY,ORDER_BLOCK,NY_OPEN,9.88,1.4529,72.65,GIVEBACK_GUARD,1.30944,1.31012,1.31352,True,0
GBPUSD,2025-04-11T15:20:00+00:00,2025-04-11T15:35:00+00:00,BUY,ORDER_BLOCK,NY_OPEN,14.32,1.6,80.0,TRAILED_SL,1.30987,1.3107650000000002,1.3152400000000006,True,0
GBPUSD,2025-04-11T15:50:00+00:00,2025-04-11T16:35:00+00:00,BUY,ORDER_BLOCK,NY_OPEN,-37.6,-1.0,-50.0,SL_HIT,1.3118400000000001,1.30808,1.3231200000000007,False,0
GBPUSD,2025-04-11T16:35:00+00:00,2025-04-11T16:45:00+00:00,BUY,ORDER_BLOCK,LONDON_CLOSE,-8.6,-0.5089,-25.44,GIVEBACK_GUARD,1.30785,1.30616,1.3129199999999999,False,0
GBPUSD,2025-04-14T14:55:00+00:00,2025-04-14T15:10:00+00:00,BUY,ORDER_BLOCK,NY_OPEN,-7.5,-1.0,-50.0,SL_HIT,1.31747,1.3167200000000001,1.3197199999999993,False,0
GBPUSD,2025-04-14T15:25:00+00:00,2025-04-14T15:35:00+00:00,BUY,ORDER_BLOCK,NY_OPEN,4.72,3.3714,168.57,TRAILED_SL,1.31617,1.31693,1.3170100000000002,True,1
GBPUSD,2025-04-14T15:55:00+00:00,2025-04-14T17:40:00+00:00,BUY,FVG_CONTINUATION,NY_OPEN,35.08,2.0715,103.57,GIVEBACK_GUARD,1.31448,1.31617372,1.3229486000000001,True,0
GBPUSD,2025-04-15T13:35:00+00:00,2025-04-15T13:55:00+00:00,BUY,ORDER_BLOCK,NY_OPEN,7.02,1.7772,88.86,GIVEBACK_GUARD,1.32342,1.3238150000000002,1.3257900000000002,True,0
GBPUSD,2025-04-15T14:05:00+00:00,2025-04-16T07:45:00+00:00,BUY,CONTINUATION_OB,NY_OPEN,35.9,0.5023,25.12,GIVEBACK_GUARD,1.32282,1.3156733799999998,1.344259860000001,False,0
GBPUSD,2025-04-16T13:35:00+00:00,2025-04-16T14:00:00+00:00,BUY,ORDER_BLOCK,NY_OPEN,-10.4,-1.0,-50.0,SL_HIT,1.32678,1.3257400000000001,1.3298999999999999,False,0
GBPUSD,2025-04-16T14:05:00+00:00,2025-04-16T18:30:00+00:00,SELL,CHOCH,NY_OPEN,27.9,0.5011,25.05,GIVEBACK_GUARD,1.32622,1.33178826,1.31229935,False,0
GBPUSD,2025-04-17T15:40:00+00:00,2025-04-17T16:25:00+00:00,BUY,LIQUIDITY_SWEEP_REVERSAL,NY_OPEN,17.7,0.5084,25.42,GIVEBACK_GUARD,1.32373,1.32024843,1.3324339250000006,False,0
GBPUSD,2025-04-21T15:10:00+00:00,2025-04-22T03:40:00+00:00,SELL,CHOCH,NY_OPEN,25.8,0.4604,23.02,GIVEBACK_GUARD,1.33921,1.3448142600000002,1.3251993499999997,False,0
GBPUSD,2025-04-23T14:00:00+00:00,2025-04-23T18:20:00+00:00,SELL,CHOCH,NY_OPEN,25.9,0.3986,19.93,GIVEBACK_GUARD,1.32996,1.33645758,1.31371605,False,0
GBPUSD,2025-04-24T13:40:00+00:00,2025-04-24T17:45:00+00:00,BUY,FVG_CONTINUATION,NY_OPEN,10.8,0.3312,16.56,GIVEBACK_GUARD,1.33106,1.32779908,1.3392122999999998,False,0
GBPUSD,2025-04-28T13:30:00+00:00,2025-04-28T13:55:00+00:00,BUY,ORDER_BLOCK,NY_OPEN,-7.5,-1.0,-50.0,SL_HIT,1.33435,1.3336000000000001,1.3365999999999993,False,0
GBPUSD,2025-04-28T15:00:00+00:00,2025-04-28T15:30:00+00:00,BUY,ORDER_BLOCK,NY_OPEN,5.1,2.0,100.0,GIVEBACK_GUARD,1.33411,1.3343649999999998,1.3356399999999993,True,0
GBPUSD,2025-04-28T15:35:00+00:00,2025-04-28T16:05:00+00:00,BUY,ORDER_BLOCK,NY_OPEN,3.5,0.3933,19.66,GIVEBACK_GUARD,1.33449,1.3336000000000001,1.3371599999999995,False,0
GBPUSD,2025-05-01T13:35:00+00:00,2025-05-06T16:00:00+00:00,BUY,CHOCH,NY_OPEN,50.9,0.5957,29.78,GIVEBACK_GUARD,1.33325,1.32470528,1.3546117999999998,False,0
GBPUSD,2025-05-08T13:35:00+00:00,2025-05-08T14:00:00+00:00,SELL,CONTINUATION_OB,NY_OPEN,-15.7,-0.2832,-14.16,GIVEBACK_GUARD,1.32939,1.3349345400000001,1.31275638,False,0
GBPUSD,2025-05-08T14:10:00+00:00,2025-05-09T03:10:00+00:00,BUY,LIQUIDITY_SWEEP_REVERSAL,NY_OPEN,-88.64,-1.0,-50.0,SL_HIT,1.33159,1.32272595,1.3537501250000004,False,0
GBPUSD,2025-05-09T14:45:00+00:00,2025-05-09T15:10:00+00:00,BUY,ORDER_BLOCK,NY_OPEN,6.4,1.6,80.0,TRAILED_SL,1.32691,1.3273100000000002,1.3293100000000004,True,0
GBPUSD,2025-05-12T14:15:00+00:00,2025-05-12T15:45:00+00:00,SELL,FVG_CONTINUATION,NY_OPEN,-32.13,-1.0,-50.0,SL_HIT,1.3161399999999999,1.3193534400000002,1.308106399999999,False,0
GBPUSD,2025-05-12T15:45:00+00:00,2025-05-12T20:40:00+00:00,SELL,CONTINUATION_OB,NY_OPEN,25.2,0.7346,36.73,GIVEBACK_GUARD,1.31949,1.3229205599999998,1.3091983200000008,False,0
GBPUSD,2025-05-15T15:55:00+00:00,2025-05-15T16:50:00+00:00,SELL,CHOCH,NY_OPEN,6.4,0.3858,19.29,GIVEBACK_GUARD,1.33042,1.33207884,1.3262728999999995,False,0
GBPUSD,2025-05-16T13:30:00+00:00,2025-05-16T19:20:00+00:00,SELL,CHOCH,NY_OPEN,33.8,0.4824,24.12,GIVEBACK_GUARD,1.32884,1.3358463600000001,1.3113240999999998,False,0
GBPUSD,2025-05-19T15:15:00+00:00,2025-05-19T16:00:00+00:00,BUY,FVG_CONTINUATION,NY_OPEN,-10.4,-1.0,-50.0,SL_HIT,1.33755,1.33651,1.3452644999999999,False,0
GBPUSD,2025-05-20T13:30:00+00:00,2025-05-21T05:05:00+00:00,SELL,CHOCH,NY_OPEN,-63.89,-1.0,-50.0,SL_HIT,1.33569,1.3420788,1.3197180000000004,False,0
GBPUSD,2025-05-21T13:30:00+00:00,2025-05-21T14:00:00+00:00,SELL,CONTINUATION_OB,NY_OPEN,14.96,2.5356,126.78,GIVEBACK_GUARD,1.34322,1.3426300000000002,1.322609139999999,True,0
GBPUSD,2025-05-21T14:10:00+00:00,2025-05-23T12:20:00+00:00,SELL,CHOCH,NY_OPEN,-86.64,-1.0,-50.0,SL_HIT,1.34084,1.3495036200000001,1.3191809499999998,False,0
GBPUSD,2025-05-23T14:25:00+00:00,2025-05-23T14:40:00+00:00,BUY,ORDER_BLOCK,NY_OPEN,1.48,0.4485,22.42,GIVEBACK_GUARD,1.34991,1.3502399999999999,1.3518899999999996,True,0
GBPUSD,2025-05-23T15:25:00+00:00,2025-05-23T15:30:00+00:00,BUY,ORDER_BLOCK,NY_OPEN,4.5,3.6,180.0,TP_HIT,1.34973,1.3498550000000002,1.3504800000000003,True,0
GBPUSD,2025-05-23T16:40:00+00:00,2025-05-26T03:55:00+00:00,SELL,CHOCH,LONDON_CLOSE,-68.76,-1.0,-50.0,SL_HIT,1.34908,1.3559565,1.33188875,False,0
GBPUSD,2025-05-28T13:30:00+00:00,2025-05-29T02:35:00+00:00,BUY,CHOCH,NY_OPEN,-69.92,-1.0,-50.0,SL_HIT,1.35031,1.34331798,1.36779005,False,0
GBPUSD,2025-05-29T15:25:00+00:00,2025-05-29T15:30:00+00:00,BUY,ORDER_BLOCK,NY_OPEN,12.6,3.6,180.0,TP_HIT,1.34693,1.34728,1.3490299999999997,True,0
GBPUSD,2025-05-29T16:10:00+00:00,2025-05-30T16:55:00+00:00,BUY,FVG_CONTINUATION,LONDON_CLOSE,-39.36,-1.0,-50.0,SL_HIT,1.34933,1.34539382,1.3591704499999997,False,0
GBPUSD,2025-05-30T16:55:00+00:00,2025-05-30T17:10:00+00:00,SELL,CHOCH,LONDON_CLOSE,-15.2,-1.0,-50.0,SL_HIT,1.34504,1.34656,1.3262406999999996,False,0
GBPUSD,2025-06-04T14:40:00+00:00,2025-06-04T15:15:00+00:00,SELL,CHOCH,NY_OPEN,-11.8,-1.3409,-67.05,GIVEBACK_GUARD,1.35161,1.35249,1.3377127000000002,False,0
GBPUSD,2025-06-05T13:55:00+00:00,2025-06-05T16:30:00+00:00,BUY,FVG_CONTINUATION,NY_OPEN,34.42,1.932,96.6,GIVEBACK_GUARD,1.35735,1.3591315000000002,1.3662575000000001,True,0
GBPUSD,2025-06-06T15:35:00+00:00,2025-06-06T16:30:00+00:00,SELL,LIQUIDITY_SWEEP_REVERSAL,NY_OPEN,3.1,0.1197,5.98,GIVEBACK_GUARD,1.35257,1.35516,1.3412892500000004,False,0
GBPUSD,2025-06-09T15:05:00+00:00,2025-06-10T10:10:00+00:00,SELL,CHOCH,NY_OPEN,71.2,2.209,110.45,GIVEBACK_GUARD,1.35432,1.35109695,1.33820475,True,0
GBPUSD,2025-06-11T13:30:00+00:00,2025-06-11T15:40:00+00:00,BUY,CHOCH,NY_OPEN,38.8,0.671,33.55,GIVEBACK_GUARD,1.34942,1.3436373400000001,1.36387665,False,0
GBPUSD,2025-06-12T16:00:00+00:00,2025-06-12T16:10:00+00:00,BUY,FVG_CONTINUATION,NY_OPEN,-10.5,-1.0,-50.0,SL_HIT,1.36162,1.36057,1.3695857499999997,False,0
GBPUSD,2025-06-16T16:50:00+00:00,2025-06-16T16:55:00+00:00,SELL,FVG_CONTINUATION,LONDON_CLOSE,-8.8,-1.0,-50.0,SL_HIT,1.35984,1.36072,1.3522308000000005,False,0
GBPUSD,2025-06-17T15:20:00+00:00,2025-06-17T15:30:00+00:00,SELL,LIQUIDITY_SWEEP_REVERSAL,NY_OPEN,5.2,0.5149,25.74,GIVEBACK_GUARD,1.35681,1.35782,1.3491017750000007,False,0
GBPUSD,2025-06-18T17:00:00+00:00,2025-06-18T20:40:00+00:00,BUY,CHOCH,LONDON_CLOSE,-31.1,-1.0,-50.0,SL_HIT,1.34649,1.34338,1.3612636500000006,False,0
GBPUSD,2025-06-20T16:40:00+00:00,2025-06-20T17:50:00+00:00,SELL,CHOCH,LONDON_CLOSE,21.6,0.4301,21.51,GIVEBACK_GUARD,1.3487,1.35372204,1.3361448999999999,False,0
GBPUSD,2025-06-23T13:30:00+00:00,2025-06-23T17:20:00+00:00,SELL,CHOCH,NY_OPEN,-92.9,-1.0,-50.0,SL_HIT,1.33819,1.34747958,1.3149660500000002,False,0
GBPUSD,2025-06-24T14:40:00+00:00,2025-06-24T15:10:00+00:00,BUY,ORDER_BLOCK,NY_OPEN,-8.1,-1.0,-50.0,SL_HIT,1.3616,1.36079,1.3640299999999999,False,0
GBPUSD,2025-06-25T14:05:00+00:00,2025-06-25T15:30:00+00:00,SELL,FVG_CONTINUATION,NY_OPEN,15.9,0.501,25.05,GIVEBACK_GUARD,1.36136,1.36453362,1.3534259499999997,False,0
GBPUSD,2025-06-25T16:15:00+00:00,2025-06-25T19:15:00+00:00,BUY,CHOCH,LONDON_CLOSE,26.1,0.7035,35.17,GIVEBACK_GUARD,1.36107,1.35735984,1.3703454000000002,False,0
GBPUSD,2025-06-26T15:40:00+00:00,2025-06-26T17:50:00+00:00,BUY,LIQUIDITY_SWEEP_REVERSAL,NY_OPEN,14.8,0.3664,18.32,GIVEBACK_GUARD,1.3725100000000001,1.36847016,1.3826096000000003,False,0
GBPUSD,2025-06-30T14:20:00+00:00,2025-06-30T14:45:00+00:00,SELL,ORDER_BLOCK,NY_OPEN,3.12,1.8353,91.76,GIVEBACK_GUARD,1.3707799999999999,1.3706099999999999,1.3697599999999999,True,0
GBPUSD,2025-06-30T15:10:00+00:00,2025-06-30T19:05:00+00:00,BUY,CHOCH,NY_OPEN,21.7,0.7049,35.25,GIVEBACK_GUARD,1.36954,1.3664616,1.377236,False,0
GBPUSD,2025-07-01T16:10:00+00:00,2025-07-02T12:20:00+00:00,SELL,CHOCH,LONDON_CLOSE,42.8,0.5227,26.14,GIVEBACK_GUARD,1.37334,1.38152754,1.35287115,False,0
GBPUSD,2025-07-02T16:35:00+00:00,2025-07-02T17:10:00+00:00,BUY,LIQUIDITY_SWEEP_REVERSAL,LONDON_CLOSE,-21.1,-1.0,-50.0,SL_HIT,1.35986,1.35775,1.3703847249999996,False,0
GBPUSD,2025-07-03T16:25:00+00:00,2025-07-03T17:25:00+00:00,SELL,FVG_CONTINUATION,LONDON_CLOSE,9.0,0.3093,15.46,GIVEBACK_GUARD,1.36483,1.36774002,1.35755495,False,0
GBPUSD,2025-07-07T15:30:00+00:00,2025-07-07T15:45:00+00:00,BUY,CHOCH,NY_OPEN,-4.6,-1.0,-50.0,SL_HIT,1.36161,1.36115,1.3781371,False,0
GBPUSD,2025-07-07T16:00:00+00:00,2025-07-08T16:25:00+00:00,BUY,CHOCH,NY_OPEN,-67.35,-1.0,-50.0,SL_HIT,1.36144,1.35470516,1.3782771,False,0
GBPUSD,2025-07-08T16:50:00+00:00,2025-07-08T16:55:00+00:00,SELL,ORDER_BLOCK,LONDON_CLOSE,5.04,3.6,180.0,TP_HIT,1.35618,1.35604,1.3553399999999998,True,0
GBPUSD,2025-07-09T14:20:00+00:00,2025-07-09T16:15:00+00:00,SELL,FVG_CONTINUATION,NY_OPEN,-31.08,-1.0,-50.0,SL_HIT,1.35853,1.36163784,1.3507604,False,0
GBPUSD,2025-07-14T15:35:00+00:00,2025-07-14T18:05:00+00:00,BUY,FVG_CONTINUATION,NY_OPEN,-36.13,-1.0,-50.0,SL_HIT,1.34728,1.34366728,1.3563118,False,0
GBPUSD,2025-07-15T15:35:00+00:00,2025-07-15T16:45:00+00:00,SELL,LIQUIDITY_SWEEP_REVERSAL,NY_OPEN,23.6,0.6962,34.81,GIVEBACK_GUARD,1.34337,1.34676,1.3329534749999996,False,0
GBPUSD,2025-07-16T15:30:00+00:00,2025-07-16T15:35:00+00:00,SELL,ORDER_BLOCK,NY_OPEN,-4.7,-1.0,-50.0,SL_HIT,1.34027,1.34074,1.3388600000000002,False,0
GBPUSD,2025-07-17T15:35:00+00:00,2025-07-17T15:50:00+00:00,BUY,LIQUIDITY_SWEEP_REVERSAL,NY_OPEN,7.4,0.6379,31.9,GIVEBACK_GUARD,1.33965,1.33849,1.3474647249999998,False,0
GBPUSD,2025-07-17T16:35:00+00:00,2025-07-17T16:55:00+00:00,SELL,ORDER_BLOCK,LONDON_CLOSE,6.08,1.6889,84.44,GIVEBACK_GUARD,1.34026,1.3399,1.3380999999999998,True,0
GBPUSD,2025-07-18T16:35:00+00:00,2025-07-18T16:45:00+00:00,BUY,ORDER_BLOCK,LONDON_CLOSE,2.64,1.3895,69.47,GIVEBACK_GUARD,1.34564,1.3458299999999999,1.3467799999999994,True,0
GBPUSD,2025-07-22T13:30:00+00:00,2025-07-22T18:40:00+00:00,BUY,CHOCH,NY_OPEN,25.8,0.5097,25.48,GIVEBACK_GUARD,1.34846,1.34339782,1.3611154499999998,False,0
GBPUSD,2025-07-23T13:50:00+00:00,2025-07-23T18:15:00+00:00,SELL,CHOCH,NY_OPEN,-40.9,-1.0,-50.0,SL_HIT,1.35339,1.35747954,1.3431661500000005,False,0
GBPUSD,2025-07-24T16:30:00+00:00,2025-07-24T23:45:00+00:00,BUY,CHOCH,LONDON_CLOSE,-41.16,-1.0,-50.0,SL_HIT,1.35446,1.3503439000000002,1.3647502499999997,False,0
GBPUSD,2025-07-28T15:00:00+00:00,2025-07-28T19:15:00+00:00,BUY,CHOCH,NY_OPEN,-47.42,-1.0,-50.0,SL_HIT,1.34281,1.3380684999999999,1.3546637500000005,False,0
GBPUSD,2025-07-31T13:40:00+00:00,2025-08-01T12:00:00+00:00,SELL,CHOCH,NY_OPEN,55.6,0.6146,30.73,GIVEBACK_GUARD,1.32169,1.3307361599999998,1.2990746000000004,False,0
GBPUSD,2025-08-01T15:10:00+00:00,2025-08-01T15:25:00+00:00,SELL,ORDER_BLOCK,NY_OPEN,9.9,3.3559,167.8,TRAILED_SL,1.31615,1.31456,1.3143799999999997,True,1
GBPUSD,2025-08-01T15:40:00+00:00,2025-08-07T08:05:00+00:00,BUY,LIQUIDITY_SWEEP_REVERSAL,NY_OPEN,79.1,0.4891,24.45,GIVEBACK_GUARD,1.32881,1.31263605,1.3692448750000001,False,0
GBPUSD,2025-08-08T16:35:00+00:00,2025-08-08T17:00:00+00:00,SELL,ORDER_BLOCK,LONDON_CLOSE,-5.2,-0.7324,-36.62,GIVEBACK_GUARD,1.3431899999999999,1.3438999999999999,1.3414499999999998,False,0
GBPUSD,2025-08-12T15:55:00+00:00,2025-08-12T16:10:00+00:00,SELL,ORDER_BLOCK,NY_OPEN,11.2,1.6,80.0,TRAILED_SL,1.34843,1.34773,1.3442300000000005,True,0
GBPUSD,2025-08-14T15:50:00+00:00,2025-08-14T16:20:00+00:00,BUY,ORDER_BLOCK,NY_OPEN,-10.3,-1.0,-50.0,SL_HIT,1.35534,1.35431,1.3584300000000002,False,0
GBPUSD,2025-08-15T15:35:00+00:00,2025-08-18T09:25:00+00:00,BUY,LIQUIDITY_SWEEP_REVERSAL,NY_OPEN,-17.1,-1.0,-50.0,SL_HIT,1.35643,1.3547200000000001,1.3639261250000003,False,0
GBPUSD,2025-08-21T13:30:00+00:00,2025-08-21T14:20:00+00:00,BUY,CHOCH,NY_OPEN,-6.9,-1.0,-50.0,SL_HIT,1.34702,1.34633,1.3617671500000004,False,0
GBPUSD,2025-08-21T15:35:00+00:00,2025-08-21T15:45:00+00:00,SELL,CHOCH,NY_OPEN,6.2,0.3949,19.75,GIVEBACK_GUARD,1.34559,1.34716,1.3304680500000003,False,0
GBPUSD,2025-08-21T16:10:00+00:00,2025-08-21T18:20:00+00:00,SELL,CHOCH,LONDON_CLOSE,23.3,0.4434,22.17,GIVEBACK_GUARD,1.34483,1.3500847799999998,1.3316930500000006,False,0
GBPUSD,2025-08-22T13:30:00+00:00,2025-08-22T14:10:00+00:00,BUY,CHOCH,NY_OPEN,1.5,0.2113,10.56,GIVEBACK_GUARD,1.34123,1.34052,1.3523297499999993,False,0
GBPUSD,2025-08-25T13:30:00+00:00,2025-08-25T22:25:00+00:00,SELL,CHOCH,NY_OPEN,38.5,0.5909,29.55,GIVEBACK_GUARD,1.34881,1.35532524,1.3325219000000001,False,0
GBPUSD,2025-08-26T13:45:00+00:00,2025-08-26T14:15:00+00:00,BUY,CHOCH,NY_OPEN,6.68,2.5692,128.46,GIVEBACK_GUARD,1.34737,1.3476299999999999,1.3655717499999995,True,0
GBPUSD,2025-08-28T14:35:00+00:00,2025-08-28T14:40:00+00:00,BUY,FVG_CONTINUATION,NY_OPEN,-4.2,-1.0,-50.0,SL_HIT,1.3518,1.35138,1.3593840499999996,False,0
GBPUSD,2025-08-28T15:10:00+00:00,2025-08-29T11:10:00+00:00,BUY,FVG_CONTINUATION,NY_OPEN,-32.12,-1.0,-50.0,SL_HIT,1.35132,1.34810838,1.3593490500000003,False,0
GBPUSD,2025-09-02T13:30:00+00:00,2025-09-02T13:50:00+00:00,BUY,ORDER_BLOCK,NY_OPEN,-10.9,-1.0,-50.0,SL_HIT,1.33888,1.33779,1.3421500000000002,False,0
GBPUSD,2025-09-02T16:10:00+00:00,2025-09-02T17:00:00+00:00,SELL,FVG_CONTINUATION,LONDON_CLOSE,-32.95,-1.0,-50.0,SL_HIT,1.33664,1.3399345200000001,1.3284037,False,0
GBPUSD,2025-09-03T14:30:00+00:00,2025-09-03T15:15:00+00:00,BUY,FVG_CONTINUATION,NY_OPEN,8.06,1.9901,99.51,GIVEBACK_GUARD,1.3403399999999999,1.3407449999999996,1.3498957000000003,True,0
GBPUSD,2025-09-03T15:40:00+00:00,2025-09-03T16:15:00+00:00,BUY,FVG_CONTINUATION,NY_OPEN,14.2,0.455,22.75,GIVEBACK_GUARD,1.34089,1.3377690999999998,1.34869225,False,0
GBPUSD,2025-09-03T16:45:00+00:00,2025-09-03T17:00:00+00:00,BUY,ORDER_BLOCK,LONDON_CLOSE,14.22,3.6,180.0,TP_HIT,1.34144,1.3418349999999999,1.3438099999999995,True,0
GBPUSD,2025-09-04T15:55:00+00:00,2025-09-05T05:45:00+00:00,BUY,LIQUIDITY_SWEEP_REVERSAL,NY_OPEN,14.8,0.4996,24.98,GIVEBACK_GUARD,1.34402,1.3410576,1.3514259999999998,False,0
GBPUSD,2025-09-09T16:15:00+00:00,2025-09-09T17:10:00+00:00,SELL,CHOCH,LONDON_CLOSE,18.9,0.4538,22.69,GIVEBACK_GUARD,1.35612,1.36028514,1.34570715,False,0
GBPUSD,2025-09-11T13:35:00+00:00,2025-09-11T15:30:00+00:00,SELL,FVG_CONTINUATION,NY_OPEN,-30.42,-1.0,-50.0,SL_HIT,1.35088,1.35392244,1.3432739000000002,False,0
GBPUSD,2025-09-11T15:40:00+00:00,2025-09-11T17:20:00+00:00,BUY,LIQUIDITY_SWEEP_REVERSAL,NY_OPEN,26.7,0.482,24.1,GIVEBACK_GUARD,1.35336,1.34782083,1.3672079249999993,False,0
GBPUSD,2025-09-12T13:50:00+00:00,2025-09-12T15:15:00+00:00,SELL,FVG_CONTINUATION,NY_OPEN,14.0,0.4318,21.59,GIVEBACK_GUARD,1.35555,1.35879216,1.3474446000000002,False,0
GBPUSD,2025-09-12T17:00:00+00:00,2025-09-12T17:30:00+00:00,BUY,CHOCH,LONDON_CLOSE,11.64,1.7636,88.18,GIVEBACK_GUARD,1.35544,1.3561,1.3707414500000006,True,0
GBPUSD,2025-09-18T14:10:00+00:00,2025-09-18T15:35:00+00:00,SELL,LIQUIDITY_SWEEP_REVERSAL,NY_OPEN,23.9,0.5292,26.46,GIVEBACK_GUARD,1.36279,1.3673059399999998,1.3515001500000001,False,0
GBPUSD,2025-09-19T16:10:00+00:00,2025-09-19T19:25:00+00:00,SELL,FVG_CONTINUATION,LONDON_CLOSE,14.3,0.4918,24.59,GIVEBACK_GUARD,1.34864,1.3515477,1.3413707500000003,False,0
GBPUSD,2025-09-24T15:00:00+00:00,2025-09-24T15:10:00+00:00,SELL,FVG_ENTRY,NY_OPEN,-6.2,-1.0,-50.0,SL_HIT,1.34592,1.34654,1.3443699999999998,False,0
GBPUSD,2025-09-25T14:45:00+00:00,2025-09-25T15:30:00+00:00,SELL,FVG_ENTRY,NY_OPEN,12.14,2.9975,149.88,TRAILED_SL,1.3422399999999999,1.34042,1.340215,True,1
GBPUSD,2025-09-25T17:00:00+00:00,2025-09-25T17:05:00+00:00,SELL,FVG_ENTRY,LONDON_CLOSE,-3.0,-1.0,-50.0,SL_HIT,1.33738,1.33768,1.33663,False,0
GBPUSD,2025-09-26T13:30:00+00:00,2025-09-26T17:10:00+00:00,SELL,CHOCH,NY_OPEN,-46.04,-1.0,-50.0,SL_HIT,1.33503,1.33963392,1.3235201999999997,False,0
GBPUSD,2025-09-29T14:55:00+00:00,2025-09-29T15:10:00+00:00,SELL,ORDER_BLOCK,NY_OPEN,4.98,2.5538,127.69,GIVEBACK_GUARD,1.3446500000000001,1.3444550000000002,1.3434800000000005,True,0
GBPUSD,2025-09-30T15:00:00+00:00,2025-09-30T15:10:00+00:00,SELL,ORDER_BLOCK,NY_OPEN,-9.0,-1.0,-50.0,SL_HIT,1.34359,1.34449,1.3408900000000004,False,0
GBPUSD,2025-09-30T15:35:00+00:00,2025-09-30T15:45:00+00:00,SELL,ORDER_BLOCK,NY_OPEN,2.32,1.5467,77.33,GIVEBACK_GUARD,1.34419,1.3440400000000001,1.34329,True,0
GBPUSD,2025-10-02T14:25:00+00:00,2025-10-02T14:35:00+00:00,SELL,CHOCH,NY_OPEN,-4.4,-1.0,-50.0,SL_HIT,1.34728,1.34772,1.3314504500000002,False,0
GBPUSD,2025-10-02T15:50:00+00:00,2025-10-02T17:25:00+00:00,SELL,CHOCH,NY_OPEN,43.1,0.6035,30.17,GIVEBACK_GUARD,1.34647,1.35361182,1.32861545,False,0
GBPUSD,2025-10-06T15:10:00+00:00,2025-10-06T15:45:00+00:00,SELL,ORDER_BLOCK,NY_OPEN,-5.0,-1.0,-50.0,SL_HIT,1.34318,1.34368,1.3416800000000002,False,0
GBPUSD,2025-10-06T15:45:00+00:00,2025-10-06T15:55:00+00:00,SELL,ORDER_BLOCK,NY_OPEN,1.6,1.6,80.0,TRAILED_SL,1.34365,1.34355,1.34305,True,0
GBPUSD,2025-10-06T16:40:00+00:00,2025-10-07T14:40:00+00:00,SELL,FVG_CONTINUATION,LONDON_CLOSE,49.05,2.0631,103.15,GIVEBACK_GUARD,1.3455,1.34291,1.3336121999999992,True,1
GBPUSD,2025-10-08T13:50:00+00:00,2025-10-08T14:05:00+00:00,SELL,LIQUIDITY_SWEEP_REVERSAL,NY_OPEN,8.12,1.8455,92.27,GIVEBACK_GUARD,1.34203,1.34159,1.3339784500000005,True,0
GBPUSD,2025-10-09T13:55:00+00:00,2025-10-09T14:10:00+00:00,SELL,ORDER_BLOCK,NY_OPEN,4.22,1.7224,86.12,GIVEBACK_GUARD,1.33686,1.3366149999999999,1.3353899999999996,True,0
GBPUSD,2025-10-09T14:30:00+00:00,2025-10-09T15:00:00+00:00,SELL,ORDER_BLOCK,NY_OPEN,4.08,1.6,80.0,TRAILED_SL,1.33764,1.3373849999999998,1.33611,True,0
GBPUSD,2025-10-10T14:10:00+00:00,2025-10-10T15:05:00+00:00,SELL,FVG_ENTRY,NY_OPEN,-7.7,-1.0,-50.0,SL_HIT,1.32732,1.32809,1.3253950000000003,False,0
GBPUSD,2025-10-10T15:05:00+00:00,2025-10-10T16:05:00+00:00,SELL,FVG_CONTINUATION,NY_OPEN,13.7,0.4778,23.89,GIVEBACK_GUARD,1.3283800000000001,1.3312471799999999,1.3212120500000006,False,0
GBPUSD,2025-10-10T16:10:00+00:00,2025-10-10T16:15:00+00:00,SELL,FVG_ENTRY,LONDON_CLOSE,-6.8,-1.0,-50.0,SL_HIT,1.32717,1.32785,1.32547,False,0
GBPUSD,2025-10-15T13:40:00+00:00,2025-10-15T13:55:00+00:00,SELL,ORDER_BLOCK,NY_OPEN,-5.8,-1.0,-50.0,SL_HIT,1.3354,1.33598,1.3336599999999998,False,0
GBPUSD,2025-10-16T16:25:00+00:00,2025-10-16T17:05:00+00:00,SELL,LIQUIDITY_SWEEP_REVERSAL,LONDON_CLOSE,17.3,0.5234,26.17,GIVEBACK_GUARD,1.34338,1.3466853399999998,1.3351166500000005,False,0
GBPUSD,2025-10-17T13:30:00+00:00,2025-10-17T13:45:00+00:00,SELL,ORDER_BLOCK,NY_OPEN,-6.1,-1.0,-50.0,SL_HIT,1.3432,1.34381,1.34137,False,0
GBPUSD,2025-10-20T15:45:00+00:00,2025-10-21T09:00:00+00:00,BUY,CHOCH,NY_OPEN,-52.5,-1.0,-50.0,SL_HIT,1.34247,1.3372202000000002,1.3555944999999996,False,0
GBPUSD,2025-10-21T14:00:00+00:00,2025-10-21T14:15:00+00:00,SELL,ORDER_BLOCK,NY_OPEN,-4.2,-1.0,-50.0,SL_HIT,1.33843,1.3388499999999999,1.3371700000000004,False,0
GBPUSD,2025-10-21T14:55:00+00:00,2025-10-21T15:10:00+00:00,SELL,ORDER_BLOCK,NY_OPEN,6.86,2.6902,134.51,GIVEBACK_GUARD,1.33834,1.3380850000000002,1.3368100000000007,True,0
GBPUSD,2025-10-22T15:55:00+00:00,2025-10-22T17:05:00+00:00,BUY,CHOCH,NY_OPEN,24.7,0.5512,27.56,GIVEBACK_GUARD,1.33228,1.32779908,1.3434822999999998,False,0
GBPUSD,2025-10-23T15:25:00+00:00,2025-10-23T15:30:00+00:00,SELL,FVG_ENTRY,NY_OPEN,-5.7,-1.0,-50.0,SL_HIT,1.33323,1.3338,1.3318049999999995,False,0
GBPUSD,2025-10-24T15:50:00+00:00,2025-10-24T17:10:00+00:00,SELL,ORDER_BLOCK,NY_OPEN,8.3,0.3578,17.89,GIVEBACK_GUARD,1.3339400000000001,1.33626,1.3269800000000005,False,0
GBPUSD,2025-10-28T13:35:00+00:00,2025-10-28T13:50:00+00:00,SELL,FVG_ENTRY,NY_OPEN,3.0,0.5085,25.42,GIVEBACK_GUARD,1.3308200000000001,1.33141,1.3293450000000004,False,0
GBPUSD,2025-10-29T15:05:00+00:00,2025-10-29T15:50:00+00:00,SELL,FVG_CONTINUATION,NY_OPEN,11.3,0.3961,19.8,GIVEBACK_GUARD,1.32135,1.3242031200000002,1.3142171999999996,False,0
GBPUSD,2025-10-29T16:05:00+00:00,2025-10-29T17:45:00+00:00,SELL,FVG_CONTINUATION,LONDON_CLOSE,-29.13,-1.0,-50.0,SL_HIT,1.32104,1.32395262,1.31375845,False,0
GBPUSD,2025-10-30T15:25:00+00:00,2025-10-30T15:30:00+00:00,SELL,ORDER_BLOCK,NY_OPEN,-6.5,-1.0,-50.0,SL_HIT,1.31371,1.31436,1.3117599999999998,False,0
GBPUSD,2025-10-30T15:55:00+00:00,2025-10-31T09:10:00+00:00,SELL,CONTINUATION_OB,NY_OPEN,27.8,0.5076,25.38,GIVEBACK_GUARD,1.3155700000000001,1.32104682,1.2991395400000003,False,0
GBPUSD,2025-10-31T16:35:00+00:00,2025-10-31T16:40:00+00:00,SELL,FVG_ENTRY,LONDON_CLOSE,-5.1,-1.0,-50.0,SL_HIT,1.31183,1.3123399999999998,1.3105550000000006,False,0
GBPUSD,2025-11-04T14:55:00+00:00,2025-11-04T15:15:00+00:00,SELL,FVG_ENTRY,NY_OPEN,2.88,1.44,72.0,GIVEBACK_GUARD,1.30656,1.30636,1.30556,True,0
GBPUSD,2025-11-04T15:40:00+00:00,2025-11-04T16:00:00+00:00,SELL,FVG_ENTRY,NY_OPEN,4.32,1.6,80.0,TRAILED_SL,1.3064200000000001,1.3061500000000001,1.3050700000000006,True,0
GBPUSD,2025-11-04T16:55:00+00:00,2025-11-04T19:45:00+00:00,SELL,FVG_CONTINUATION,LONDON_CLOSE,19.0,0.6333,31.67,GIVEBACK_GUARD,1.30467,1.30767012,1.2971697,False,0
GBPUSD,2025-11-05T16:15:00+00:00,2025-11-06T03:00:00+00:00,SELL,FVG_CONTINUATION,LONDON_CLOSE,-32.67,-1.0,-50.0,SL_HIT,1.30263,1.30589658,1.29446355,False,0
GBPUSD,2025-11-06T14:00:00+00:00,2025-11-06T14:55:00+00:00,SELL,LIQUIDITY_SWEEP_REVERSAL,NY_OPEN,-38.5,-1.0,-50.0,SL_HIT,1.30603,1.30988,1.2973810500000011,False,0
GBPUSD,2025-11-07T13:45:00+00:00,2025-11-07T14:20:00+00:00,BUY,CHOCH,NY_OPEN,5.0,0.5495,27.47,GIVEBACK_GUARD,1.31199,1.31108,1.3202711499999993,False,0
GBPUSD,2025-11-10T16:20:00+00:00,2025-11-11T09:10:00+00:00,SELL,CHOCH,LONDON_CLOSE,35.9,0.6828,34.14,GIVEBACK_GUARD,1.31638,1.3216379999999999,1.3032350000000008,False,0
GBPUSD,2025-11-12T14:55:00+00:00,2025-11-12T15:35:00+00:00,SELL,FVG_ENTRY,NY_OPEN,12.96,3.2,160.0,TP_HIT,1.31166,1.311255,1.309635,True,0
GBPUSD,2025-11-12T16:40:00+00:00,2025-11-12T17:50:00+00:00,SELL,FVG_CONTINUATION,LONDON_CLOSE,-27.39,-1.0,-50.0,SL_HIT,1.30963,1.3123695,1.3027812500000002,False,0
GBPUSD,2025-11-14T13:30:00+00:00,2025-11-19T17:50:00+00:00,SELL,CHOCH,NY_OPEN,60.4,0.663,33.15,GIVEBACK_GUARD,1.31348,1.3225898999999999,1.2907052500000002,False,0
GBPUSD,2025-11-20T14:15:00+00:00,2025-11-20T16:30:00+00:00,SELL,CHOCH,NY_OPEN,-51.37,-1.0,-50.0,SL_HIT,1.30585,1.31098674,1.29300815,False,0
GBPUSD,2025-11-21T13:30:00+00:00,2025-11-25T11:35:00+00:00,SELL,CHOCH,NY_OPEN,-73.9,-1.0,-50.0,SL_HIT,1.30541,1.31280036,1.2869340999999999,False,0
GBPUSD,2025-11-26T13:50:00+00:00,2025-11-26T14:15:00+00:00,SELL,LIQUIDITY_SWEEP_REVERSAL,NY_OPEN,35.16,1.8409,92.04,GIVEBACK_GUARD,1.3171300000000001,1.3152201850000003,1.3075809250000008,True,0
GBPUSD,2025-11-26T14:50:00+00:00,2025-11-26T17:20:00+00:00,BUY,CHOCH,NY_OPEN,27.9,0.325,16.25,GIVEBACK_GUARD,1.31826,1.3096754,1.3397215,False,0
GBPUSD,2025-12-04T15:30:00+00:00,2025-12-09T16:25:00+00:00,SELL,CHOCH,NY_OPEN,25.4,0.4558,22.79,GIVEBACK_GUARD,1.3333599999999999,1.33893252,1.3194286999999996,False,0
GBPUSD,2025-12-12T13:45:00+00:00,2025-12-12T17:55:00+00:00,SELL,FVG_CONTINUATION,NY_OPEN,20.2,0.6381,31.9,GIVEBACK_GUARD,1.3374,1.34056578,1.3294855499999998,False,0
GBPUSD,2025-12-16T15:40:00+00:00,2025-12-17T07:35:00+00:00,SELL,LIQUIDITY_SWEEP_REVERSAL,NY_OPEN,27.0,0.494,24.7,GIVEBACK_GUARD,1.34134,1.34680546,1.3276763500000002,False,0
GBPUSD,2025-12-19T13:30:00+00:00,2025-12-22T09:35:00+00:00,SELL,CHOCH,NY_OPEN,-43.07,-1.0,-50.0,SL_HIT,1.3370199999999999,1.3413273,1.32625175,False,0
GBPUSD,2025-12-29T13:55:00+00:00,2025-12-29T14:25:00+00:00,SELL,LIQUIDITY_SWEEP_REVERSAL,NY_OPEN,14.6,0.4293,21.47,GIVEBACK_GUARD,1.34881,1.3522108599999998,1.3403078500000007,False,0
GBPUSD,2025-12-30T14:10:00+00:00,2025-12-30T16:30:00+00:00,SELL,CHOCH,NY_OPEN,24.9,0.4774,23.87,GIVEBACK_GUARD,1.35045,1.3556659199999999,1.3374102,False,0
GBPUSD,2025-12-30T16:40:00+00:00,2025-12-31T11:00:00+00:00,SELL,CHOCH,LONDON_CLOSE,44.5,0.5332,26.66,GIVEBACK_GUARD,1.34732,1.3556659199999999,1.3264552000000007,False,0
GBPUSD,2025-12-31T16:30:00+00:00,2025-12-31T16:55:00+00:00,BUY,CHOCH,LONDON_CLOSE,-9.9,-1.0,-50.0,SL_HIT,1.3444099999999999,1.34342,1.3545723499999995,False,0
GBPUSD,2026-01-07T15:40:00+00:00,2026-01-07T21:00:00+00:00,BUY,CHOCH,NY_OPEN,-30.19,-1.0,-50.0,SL_HIT,1.34968,1.34666128,1.3572268,False,0
GBPUSD,2026-01-09T16:25:00+00:00,2026-01-12T03:15:00+00:00,BUY,CHOCH,LONDON_CLOSE,20.7,0.4871,24.36,GIVEBACK_GUARD,1.34131,1.3370605199999999,1.3519337000000005,False,0
GBPUSD,2026-01-13T14:35:00+00:00,2026-01-13T17:50:00+00:00,SELL,CHOCH,NY_OPEN,16.4,0.3329,16.64,GIVEBACK_GUARD,1.3462100000000001,1.35113688,1.3338928,False,0
GBPUSD,2026-01-15T13:30:00+00:00,2026-01-15T15:40:00+00:00,SELL,CHOCH,NY_OPEN,42.9,0.8548,42.74,GIVEBACK_GUARD,1.34205,1.3470687600000002,1.3295030999999993,False,0
GBPUSD,2026-01-19T14:00:00+00:00,2026-01-19T16:30:00+00:00,SELL,ORDER_BLOCK,NY_OPEN,-8.8,-1.0,-50.0,SL_HIT,1.3407499999999999,1.3416299999999999,1.33811,False,0
GBPUSD,2026-01-21T14:05:00+00:00,2026-01-21T17:00:00+00:00,SELL,FVG_CONTINUATION,NY_OPEN,-39.36,-1.0,-50.0,SL_HIT,1.34164,1.3455757799999999,1.33180055,False,0
GBPUSD,2026-01-22T13:30:00+00:00,2026-01-22T13:40:00+00:00,SELL,ORDER_BLOCK,NY_OPEN,4.32,3.6,180.0,TP_HIT,1.34237,1.34225,1.34165,True,0
GBPUSD,2026-01-22T14:30:00+00:00,2026-01-22T14:50:00+00:00,BUY,CHOCH,NY_OPEN,-7.0,-1.0,-50.0,SL_HIT,1.34289,1.34219,1.3570451000000001,False,0
GBPUSD,2026-01-22T15:35:00+00:00,2026-01-22T15:45:00+00:00,SELL,ORDER_BLOCK,NY_OPEN,4.28,1.9455,97.27,GIVEBACK_GUARD,1.34236,1.34214,1.34104,True,0
GBPUSD,2026-01-22T16:05:00+00:00,2026-01-22T16:30:00+00:00,SELL,ORDER_BLOCK,LONDON_CLOSE,-9.1,-1.0,-50.0,SL_HIT,1.34244,1.34335,1.3397100000000002,False,0
GBPUSD,2026-01-26T14:20:00+00:00,2026-01-26T17:40:00+00:00,SELL,CHOCH,NY_OPEN,-48.25,-1.0,-50.0,SL_HIT,1.36551,1.3703352,1.353447,False,0
GBPUSD,2026-01-28T16:50:00+00:00,2026-01-29T01:25:00+00:00,BUY,CHOCH,LONDON_CLOSE,28.5,0.5837,29.18,GIVEBACK_GUARD,1.37852,1.37363722,1.39072695,False,0
GBPUSD,2026-01-30T13:50:00+00:00,2026-01-30T14:15:00+00:00,BUY,CHOCH,NY_OPEN,6.6,0.3837,19.19,GIVEBACK_GUARD,1.3773,1.37558,1.39811695,False,0
GBPUSD,2026-02-03T14:45:00+00:00,2026-02-03T14:55:00+00:00,SELL,ORDER_BLOCK,NY_OPEN,2.88,1.6,80.0,TRAILED_SL,1.36792,1.36774,1.3668400000000003,True,0
GBPUSD,2026-02-03T15:20:00+00:00,2026-02-03T15:30:00+00:00,SELL,ORDER_BLOCK,NY_OPEN,1.9,0.2714,13.57,GIVEBACK_GUARD,1.36758,1.36828,1.3654800000000002,False,0
GBPUSD,2026-02-03T16:10:00+00:00,2026-02-03T16:30:00+00:00,SELL,FVG_ENTRY,LONDON_CLOSE,-8.2,-1.0,-50.0,SL_HIT,1.36626,1.36708,1.36421,False,0
GBPUSD,2026-02-03T16:40:00+00:00,2026-02-03T17:05:00+00:00,SELL,FVG_ENTRY,LONDON_CLOSE,4.98,1.3644,68.22,GIVEBACK_GUARD,1.36786,1.3674950000000001,1.3660350000000003,True,0
GBPUSD,2026-02-04T13:40:00+00:00,2026-02-04T17:35:00+00:00,SELL,CHOCH,NY_OPEN,31.5,0.5721,28.6,GIVEBACK_GUARD,1.3704399999999999,1.3759464,1.356674,False,0
GBPUSD,2026-02-09T13:40:00+00:00,2026-02-09T17:40:00+00:00,BUY,CHOCH,NY_OPEN,41.2,0.551,27.55,GIVEBACK_GUARD,1.36327,1.35579298,1.3819625500000001,False,0
GBPUSD,2026-02-10T14:20:00+00:00,2026-02-11T12:50:00+00:00,BUY,CHOCH,NY_OPEN,26.9,0.5411,27.06,GIVEBACK_GUARD,1.36791,1.36293866,1.38033835,False,0
GBPUSD,2026-02-11T15:15:00+00:00,2026-02-11T15:40:00+00:00,SELL,CHOCH,NY_OPEN,46.9,1.6,80.0,TRAILED_SL,1.36803,1.36509885,1.3533742500000001,True,0
GBPUSD,2026-02-11T15:55:00+00:00,2026-02-17T09:25:00+00:00,SELL,CHOCH,NY_OPEN,70.5,0.717,35.85,GIVEBACK_GUARD,1.36406,1.3738923,1.3394792500000001,False,0
GBPUSD,2026-02-17T16:15:00+00:00,2026-02-17T17:15:00+00:00,SELL,ORDER_BLOCK,LONDON_CLOSE,6.9,0.457,22.85,GIVEBACK_GUARD,1.35246,1.35397,1.3479300000000003,False,0
GBPUSD,2026-02-18T17:00:00+00:00,2026-02-18T17:15:00+00:00,SELL,ORDER_BLOCK,LONDON_CLOSE,9.82,2.0674,103.37,GIVEBACK_GUARD,1.355,1.354525,1.35215,True,0
GBPUSD,2026-02-19T15:55:00+00:00,2026-02-25T18:10:00+00:00,SELL,CHOCH,NY_OPEN,-77.13,-1.0,-50.0,SL_HIT,1.3465500000000001,1.3542631200000002,1.3272672,False,0
GBPUSD,2026-02-26T14:00:00+00:00,2026-02-26T14:30:00+00:00,BUY,CHOCH,NY_OPEN,8.74,2.0565,102.82,GIVEBACK_GUARD,1.35286,1.3532849999999998,1.3646940499999993,True,0
GBPUSD,2026-02-26T14:30:00+00:00,2026-02-26T19:15:00+00:00,BUY,CHOCH,NY_OPEN,-48.74,-1.0,-50.0,SL_HIT,1.35398,1.34910638,1.3661640499999996,False,0
