hour_utc,day_of_week,week_of_month,month,year,is_monday,is_friday,is_month_end,is_usdjpy_buy,is_usdjpy_sell,is_gbpusd_buy,is_gbpusd_sell,is_eurusd_buy,is_eurusd_sell,direction_aligned,is_choch,is_lsr,is_lo_early,is_lc_early,sym_EURUSD,sym_GBPUSD,sym_USDJPY,dir_BUY,dir_SELL,setup_CHOCH,setup_LIQUIDITY_SWEEP_REVERSAL,setup_FVG_ENTRY,kz_LONDON_OPEN,kz_LONDON_CLOSE,kz_NY_OPEN,TARGET_win,TARGET_pips,split
16,4,2,11,2024,0,1,0,0,0,0,0,0,1,1,1,0,0,0,1,0,0,0,1,1,0,0,0,1,0,1,35.7,TRAIN
13,2,2,11,2024,0,0,0,0,0,0,0,0,1,1,1,0,0,0,1,0,0,0,1,1,0,0,0,0,1,0,-37.86,TRAIN
15,2,2,11,2024,0,0,0,0,0,0,0,0,1,1,0,1,0,1,1,0,0,0,1,0,1,0,0,1,0,1,22.2,TRAIN
16,2,2,11,2024,0,0,0,0,0,0,0,0,1,1,1,0,0,0,1,0,0,0,1,1,0,0,0,1,0,1,48.3,TRAIN
15,4,3,11,2024,0,1,0,0,0,0,0,0,1,1,1,0,0,1,1,0,0,0,1,1,0,0,0,1,0,1,15.7,TRAIN
16,4,3,11,2024,0,1,0,0,0,0,0,0,1,1,1,0,0,0,1,0,0,0,1,1,0,0,0,1,0,1,34.0,TRAIN
17,4,4,11,2024,0,1,0,0,0,0,0,1,0,1,0,1,0,0,1,0,0,1,0,0,1,0,0,1,0,1,7.3,TRAIN
6,1,4,11,2024,0,0,1,0,0,0,0,1,0,1,1,0,1,0,1,0,0,1,0,1,0,0,1,0,0,1,38.2,TRAIN
16,1,4,11,2024,0,0,1,0,0,0,0,0,1,1,1,0,0,0,1,0,0,0,1,1,0,0,0,1,0,1,21.2,TRAIN
6,2,4,11,2024,0,0,1,0,0,0,0,0,1,1,1,0,1,0,1,0,0,0,1,1,0,0,1,0,0,0,-34.49,TRAIN
9,0,1,12,2024,1,0,0,0,0,0,0,0,1,1,0,1,0,0,1,0,0,0,1,0,1,0,1,0,0,1,9.8,TRAIN
9,1,1,12,2024,0,0,0,0,0,0,0,1,0,1,1,0,0,0,1,0,0,1,0,1,0,0,1,0,0,1,19.4,TRAIN
16,2,1,12,2024,0,0,0,0,0,0,0,1,0,1,0,1,0,0,1,0,0,1,0,0,1,0,0,1,0,1,28.37,TRAIN
16,4,1,12,2024,0,1,0,0,0,0,0,1,0,1,0,1,0,0,1,0,0,1,0,0,1,0,0,1,0,0,-25.07,TRAIN
7,2,2,12,2024,0,0,0,0,0,0,0,0,1,1,1,0,1,0,1,0,0,0,1,1,0,0,1,0,0,0,-4.5,TRAIN
8,2,2,12,2024,0,0,0,0,0,0,0,0,1,1,1,0,0,0,1,0,0,0,1,1,0,0,1,0,0,1,31.63,TRAIN
15,3,2,12,2024,0,0,0,0,0,0,0,1,0,1,0,1,0,1,1,0,0,1,0,0,1,0,0,1,0,1,18.43,TRAIN
13,0,3,12,2024,1,0,0,0,0,0,0,0,1,1,1,0,0,0,1,0,0,0,1,1,0,0,0,0,1,1,61.31,TRAIN
8,4,3,12,2024,0,1,0,0,0,0,0,0,1,1,0,1,0,0,1,0,0,0,1,0,1,0,1,0,0,0,-30.07,TRAIN
13,1,4,12,2024,0,0,0,0,0,0,0,1,0,1,1,0,0,0,1,0,0,1,0,1,0,0,0,0,1,1,12.6,TRAIN
16,0,5,12,2024,1,0,1,0,0,0,0,0,1,1,1,0,0,0,1,0,0,0,1,1,0,0,0,1,0,1,33.8,TRAIN
17,4,1,1,2025,0,1,0,0,0,0,0,0,1,1,0,1,0,0,1,0,0,0,1,0,1,0,0,1,0,1,6.6,TRAIN
15,0,1,1,2025,1,0,0,0,0,0,0,0,1,1,0,1,0,1,1,0,0,0,1,0,1,0,0,1,0,1,11.6,TRAIN
17,0,1,1,2025,1,0,0,0,0,0,0,0,1,1,1,0,0,0,1,0,0,0,1,1,0,0,0,1,0,1,39.5,TRAIN
15,1,2,1,2025,0,0,0,0,0,0,0,0,1,1,0,1,0,1,1,0,0,0,1,0,1,0,0,1,0,0,-30.07,TRAIN
15,2,3,1,2025,0,0,0,0,0,0,0,1,0,1,1,0,0,1,1,0,0,1,0,1,0,0,0,1,0,0,-48.4,TRAIN
15,3,3,1,2025,0,0,0,0,0,0,0,1,0,1,0,1,0,1,1,0,0,1,0,0,1,0,0,1,0,1,19.82,TRAIN
6,4,3,1,2025,0,1,0,0,0,0,0,0,1,1,1,0,1,0,1,0,0,0,1,1,0,0,1,0,0,1,14.0,TRAIN
17,4,3,1,2025,0,1,0,0,0,0,0,1,0,1,1,0,0,0,1,0,0,1,0,1,0,0,0,1,0,1,46.8,TRAIN
6,3,4,1,2025,0,0,0,0,0,0,0,1,0,1,1,0,1,0,1,0,0,1,0,1,0,0,1,0,0,0,-35.69,TRAIN
16,4,4,1,2025,0,1,0,0,0,0,0,0,1,1,1,0,0,0,1,0,0,0,1,1,0,0,0,1,0,1,39.9,TRAIN
16,3,5,1,2025,0,0,1,0,0,0,0,1,0,1,1,0,0,0,1,0,0,1,0,1,0,0,0,1,0,0,-58.68,TRAIN
15,3,1,2,2025,0,0,0,0,0,0,0,1,0,1,1,0,0,1,1,0,0,1,0,1,0,0,0,1,0,1,13.6,TRAIN
15,4,1,2,2025,0,1,0,0,0,0,0,0,1,1,0,1,0,1,1,0,0,0,1,0,1,0,0,1,0,1,27.3,TRAIN
15,3,2,2,2025,0,0,0,0,0,0,0,1,0,1,0,1,0,1,1,0,0,1,0,0,1,0,0,1,0,1,26.28,TRAIN
9,4,2,2,2025,0,1,0,0,0,0,0,1,0,1,1,0,0,0,1,0,0,1,0,1,0,0,1,0,0,1,21.5,TRAIN
13,2,3,2,2025,0,0,0,0,0,0,0,0,1,1,1,0,0,0,1,0,0,0,1,1,0,0,0,0,1,0,-59.42,TRAIN
17,4,3,2,2025,0,1,0,0,0,0,0,0,1,1,0,1,0,0,1,0,0,0,1,0,1,0,0,1,0,1,16.2,TRAIN
6,1,4,2,2025,0,0,1,0,0,0,0,1,0,1,1,0,1,0,1,0,0,1,0,1,0,0,1,0,0,1,19.0,TRAIN
15,3,4,2,2025,0,0,1,0,0,0,0,0,1,1,0,1,0,1,1,0,0,0,1,0,1,0,0,1,0,1,26.3,TRAIN
16,3,4,2,2025,0,0,1,0,0,0,0,0,1,1,1,0,0,0,1,0,0,0,1,1,0,0,0,1,0,1,34.8,TRAIN
9,1,1,3,2025,0,0,0,0,0,0,0,1,0,1,1,0,0,0,1,0,0,1,0,1,0,0,1,0,0,1,22.7,TRAIN
6,3,1,3,2025,0,0,0,0,0,0,0,0,1,1,1,0,1,0,1,0,0,0,1,1,0,0,1,0,0,0,-53.84,TRAIN
15,4,1,3,2025,0,1,0,0,0,0,0,0,1,1,1,0,0,1,1,0,0,0,1,1,0,0,0,1,0,1,18.1,TRAIN
6,0,2,3,2025,1,0,0,0,0,0,0,0,1,1,1,0,1,0,1,0,0,0,1,1,0,0,1,0,0,1,4.46,TRAIN
13,0,2,3,2025,1,0,0,0,0,0,0,1,0,1,1,0,0,0,1,0,0,1,0,1,0,0,0,0,1,1,44.8,TRAIN
15,2,2,3,2025,0,0,0,0,0,0,0,0,1,1,1,0,0,1,1,0,0,0,1,1,0,0,0,1,0,1,28.4,TRAIN
9,4,2,3,2025,0,1,0,0,0,0,0,1,0,1,0,1,0,0,1,0,0,1,0,0,1,0,1,0,0,1,12.1,TRAIN
6,0,3,3,2025,1,0,0,0,0,0,0,0,1,1,0,1,1,0,1,0,0,0,1,0,1,0,1,0,0,0,-26.39,TRAIN
8,1,3,3,2025,0,0,0,0,0,0,0,1,0,1,1,0,0,0,1,0,0,1,0,1,0,0,1,0,0,1,7.08,TRAIN
6,3,3,3,2025,0,0,0,0,0,0,0,0,1,1,1,0,1,0,1,0,0,0,1,1,0,0,1,0,0,1,34.08,TRAIN
6,0,4,3,2025,1,0,0,0,0,0,0,0,1,1,1,0,1,0,1,0,0,0,1,1,0,0,1,0,0,1,18.7,TRAIN
6,1,4,3,2025,0,0,1,0,0,0,0,1,0,1,1,0,1,0,1,0,0,1,0,1,0,0,1,0,0,1,19.7,TRAIN
16,1,4,3,2025,0,0,1,0,0,0,0,0,1,1,1,0,0,0,1,0,0,0,1,1,0,0,0,1,0,1,6.3,TRAIN
16,1,4,3,2025,0,0,1,0,0,0,0,0,1,1,1,0,0,0,1,0,0,0,1,1,0,0,0,1,0,1,16.4,TRAIN
15,4,4,3,2025,0,1,1,0,0,0,0,1,0,1,1,0,0,1,1,0,0,1,0,1,0,0,0,1,0,1,22.7,TRAIN
16,4,4,3,2025,0,1,1,0,0,0,0,1,0,1,1,0,0,0,1,0,0,1,0,1,0,0,0,1,0,1,38.3,TRAIN
15,4,1,4,2025,0,1,0,0,0,0,0,0,1,1,0,1,0,1,1,0,0,0,1,0,1,0,0,1,0,1,28.2,TRAIN
16,1,2,4,2025,0,0,0,0,0,0,0,1,0,1,1,0,0,0,1,0,0,1,0,1,0,0,0,1,0,0,-65.42,TRAIN
8,2,2,4,2025,0,0,0,0,0,0,0,0,1,1,0,1,0,0,1,0,0,0,1,0,1,0,1,0,0,0,-34.57,TRAIN
16,3,3,4,2025,0,0,0,0,0,0,0,1,0,1,1,0,0,0,1,0,0,1,0,1,0,0,0,1,0,1,22.7,TRAIN
6,1,4,4,2025,0,0,0,0,0,0,0,1,0,1,1,0,1,0,1,0,0,1,0,1,0,0,1,0,0,0,-75.66,TRAIN
15,1,5,4,2025,0,0,1,0,0,0,0,1,0,1,0,1,0,1,1,0,0,1,0,0,1,0,0,1,0,1,13.0,TRAIN
15,1,5,4,2025,0,0,1,0,0,0,0,1,0,1,1,0,0,1,1,0,0,1,0,1,0,0,0,1,0,0,-60.54,TRAIN
13,3,1,5,2025,0,0,0,0,0,0,0,1,0,1,1,0,0,0,1,0,0,1,0,1,0,0,0,0,1,1,39.7,TRAIN
9,3,2,5,2025,0,0,0,0,0,0,0,0,1,1,1,0,0,0,1,0,0,0,1,1,0,0,1,0,0,1,47.4,TRAIN
8,4,2,5,2025,0,1,0,0,0,0,0,1,0,1,1,0,0,0,1,0,0,1,0,1,0,0,1,0,0,1,3.8,TRAIN
9,4,2,5,2025,0,1,0,0,0,0,0,1,0,1,1,0,0,0,1,0,0,1,0,1,0,0,1,0,0,1,46.0,TRAIN
9,2,2,5,2025,0,0,0,0,0,0,0,0,1,1,1,0,0,0,1,0,0,0,1,1,0,0,1,0,0,0,-37.3,TRAIN
15,3,3,5,2025,0,0,0,0,0,0,0,0,1,1,0,1,0,1,1,0,0,0,1,0,1,0,0,1,0,1,2.2,TRAIN
16,3,3,5,2025,0,0,0,0,0,0,0,1,0,1,1,0,0,0,1,0,0,1,0,1,0,0,0,1,0,0,-63.96,TRAIN
6,1,3,5,2025,0,0,0,0,0,0,0,1,0,1,1,0,1,0,1,0,0,1,0,1,0,0,1,0,0,1,26.3,TRAIN
8,4,4,5,2025,0,1,0,0,0,0,0,0,1,1,0,1,0,0,1,0,0,0,1,0,1,0,1,0,0,0,-23.62,TRAIN
15,4,4,5,2025,0,1,0,0,0,0,0,0,1,1,1,0,0,1,1,0,0,0,1,1,0,0,0,1,0,0,-71.61,TRAIN
7,1,4,5,2025,0,0,1,0,0,0,0,0,1,1,1,0,1,0,1,0,0,0,1,1,0,0,1,0,0,1,33.8,TRAIN
6,4,5,5,2025,0,1,1,0,0,0,0,0,1,1,1,0,1,0,1,0,0,0,1,1,0,0,1,0,0,1,24.5,TRAIN
16,4,5,5,2025,0,1,1,0,0,0,0,0,1,1,1,0,0,0,1,0,0,0,1,1,0,0,0,1,0,0,-58.52,TRAIN
7,2,1,6,2025,0,0,0,0,0,0,0,0,1,1,1,0,1,0,1,0,0,0,1,1,0,0,1,0,0,1,6.58,TRAIN
8,2,1,6,2025,0,0,0,0,0,0,0,0,1,1,1,0,0,0,1,0,0,0,1,1,0,0,1,0,0,0,-45.58,TRAIN
6,3,1,6,2025,0,0,0,0,0,0,0,0,1,1,1,0,1,0,1,0,0,0,1,1,0,0,1,0,0,0,-43.67,TRAIN
15,4,1,6,2025,0,1,0,0,0,0,0,0,1,1,0,1,0,1,1,0,0,0,1,0,1,0,0,1,0,1,22.6,TRAIN
15,0,2,6,2025,1,0,0,0,0,0,0,0,1,1,1,0,0,1,1,0,0,0,1,1,0,0,0,1,0,1,30.5,TRAIN
13,1,2,6,2025,0,0,0,0,0,0,0,1,0,1,1,0,0,0,1,0,0,1,0,1,0,0,0,0,1,1,52.5,TRAIN
13,3,2,6,2025,0,0,0,0,0,0,0,1,0,1,1,0,0,0,1,0,0,1,0,1,0,0,0,0,1,0,-98.91,TRAIN
17,2,3,6,2025,0,0,0,0,0,0,0,1,0,1,0,1,0,0,1,0,0,1,0,0,1,0,0,1,0,0,-37.9,TRAIN
15,3,4,6,2025,0,0,1,0,0,0,0,1,0,1,0,1,0,1,1,0,0,1,0,0,1,0,0,1,0,1,28.0,TRAIN
9,4,4,6,2025,0,1,1,0,0,0,0,0,1,1,1,0,0,0,1,0,0,0,1,1,0,0,1,0,0,0,-44.12,TRAIN
15,2,1,7,2025,0,0,0,0,0,0,0,1,0,1,1,0,0,1,1,0,0,1,0,1,0,0,0,1,0,1,11.8,TRAIN
7,3,1,7,2025,0,0,0,0,0,0,0,0,1,1,1,0,1,0,1,0,0,0,1,1,0,0,1,0,0,0,-4.4,TRAIN
6,0,1,7,2025,1,0,0,0,0,0,0,0,1,1,1,0,1,0,1,0,0,0,1,1,0,0,1,0,0,1,17.0,TRAIN
13,1,2,7,2025,0,0,0,0,0,0,0,0,1,1,1,0,0,0,1,0,0,0,1,1,0,0,0,0,1,1,23.3,TRAIN
16,4,2,7,2025,0,1,0,0,0,0,0,0,1,1,0,1,0,0,1,0,0,0,1,0,1,0,0,1,0,1,20.8,TRAIN
16,0,2,7,2025,1,0,0,0,0,0,0,0,1,1,1,0,0,0,1,0,0,0,1,1,0,0,0,1,0,1,16.5,TRAIN
15,1,3,7,2025,0,0,0,0,0,0,0,0,1,1,1,0,0,1,1,0,0,0,1,1,0,0,0,1,0,1,25.0,TRAIN
15,1,4,7,2025,0,0,0,0,0,0,0,0,1,1,1,0,0,1,1,0,0,0,1,1,0,0,0,1,0,1,4.24,TRAIN
16,3,4,7,2025,0,0,0,0,0,0,0,1,0,1,0,1,0,0,1,0,0,1,0,0,1,0,0,1,0,1,14.0,TRAIN
16,3,4,7,2025,0,0,0,0,0,0,0,1,0,1,1,0,0,0,1,0,0,1,0,1,0,0,0,1,0,0,-64.06,TRAIN
17,4,4,7,2025,0,1,1,0,0,0,0,1,0,1,1,0,0,0,1,0,0,1,0,1,0,0,0,1,0,1,26.7,TRAIN
7,0,4,7,2025,1,0,1,0,0,0,0,0,1,1,1,0,1,0,1,0,0,0,1,1,0,0,1,0,0,1,35.8,TRAIN
6,1,5,7,2025,0,0,1,0,0,0,0,1,0,1,1,0,1,0,1,0,0,1,0,1,0,0,1,0,0,0,-31.67,TRAIN
13,4,1,8,2025,0,1,0,0,0,0,0,0,1,1,1,0,0,0,1,0,0,0,1,1,0,0,0,0,1,0,-48.97,TRAIN
17,1,1,8,2025,0,0,0,0,0,0,0,0,1,1,0,1,0,0,1,0,0,0,1,0,1,0,0,1,0,0,-28.86,TRAIN
6,2,1,8,2025,0,0,0,0,0,0,0,1,0,1,1,0,1,0,1,0,0,1,0,1,0,0,1,0,0,1,22.6,TRAIN
15,1,2,8,2025,0,0,0,0,0,0,0,1,0,1,1,0,0,1,1,0,0,1,0,1,0,0,0,1,0,1,28.6,TRAIN
6,3,2,8,2025,0,0,0,0,0,0,0,0,1,1,1,0,1,0,1,0,0,0,1,1,0,0,1,0,0,0,-3.9,TRAIN
6,3,2,8,2025,0,0,0,0,0,0,0,0,1,1,1,0,1,0,1,0,0,0,1,1,0,0,1,0,0,1,12.8,TRAIN
15,4,3,8,2025,0,1,0,0,0,0,0,1,0,1,0,1,0,1,1,0,0,1,0,0,1,0,0,1,0,1,16.5,TRAIN
9,2,3,8,2025,0,0,0,0,0,0,0,0,1,1,0,1,0,0,1,0,0,0,1,0,1,0,1,0,0,0,-27.84,TRAIN
13,3,4,8,2025,0,0,1,0,0,0,0,1,0,1,1,0,0,0,1,0,0,1,0,1,0,0,0,0,1,1,32.5,TRAIN
6,1,1,9,2025,0,0,0,0,0,0,0,0,1,1,1,0,1,0,1,0,0,0,1,1,0,0,1,0,0,1,29.4,TEST
16,1,1,9,2025,0,0,0,0,0,0,0,1,0,1,1,0,0,0,1,0,0,1,0,1,0,0,0,1,0,1,29.1,TEST
7,2,2,9,2025,0,0,0,0,0,0,0,1,0,1,1,0,1,0,1,0,0,1,0,1,0,0,1,0,0,0,-44.68,TEST
15,3,2,9,2025,0,0,0,0,0,0,0,1,0,1,0,1,0,1,1,0,0,1,0,0,1,0,0,1,0,1,23.1,TEST
16,3,2,9,2025,0,0,0,0,0,0,0,1,0,1,1,0,0,0,1,0,0,1,0,1,0,0,0,1,0,1,39.9,TEST
6,1,3,9,2025,0,0,0,0,0,0,0,1,0,1,1,0,1,0,1,0,0,1,0,1,0,0,1,0,0,1,20.7,TEST
16,0,4,9,2025,1,0,0,0,0,0,0,0,1,1,1,0,0,0,1,0,0,0,1,1,0,0,0,1,0,0,-34.47,TEST
16,1,4,9,2025,0,0,0,0,0,0,0,1,0,1,0,1,0,0,1,0,0,1,0,0,1,0,0,1,0,1,9.32,TEST
8,3,4,9,2025,0,0,1,0,0,0,0,0,1,1,1,0,0,0,1,0,0,0,1,1,0,0,1,0,0,1,38.66,TEST
16,4,4,9,2025,0,1,1,0,0,0,0,1,0,1,1,0,0,0,1,0,0,1,0,1,0,0,0,1,0,1,22.2,TEST
15,2,1,10,2025,0,0,0,0,0,0,0,0,1,1,0,1,0,1,1,0,0,0,1,0,1,0,0,1,0,1,20.9,TEST
16,3,1,10,2025,0,0,0,0,0,0,0,0,1,1,1,0,0,0,1,0,0,0,1,1,0,0,0,1,0,1,29.4,TEST
13,2,2,10,2025,0,0,0,0,0,0,0,1,0,1,1,0,0,0,1,0,0,1,0,1,0,0,0,0,1,0,-46.81,TEST
9,2,3,10,2025,0,0,0,0,0,0,0,0,1,1,1,0,0,0,1,0,0,0,1,1,0,0,1,0,0,1,10.5,TEST
6,4,4,10,2025,0,1,0,0,0,0,0,0,1,1,1,0,1,0,1,0,0,0,1,1,0,0,1,0,0,0,-36.74,TEST
13,0,4,10,2025,1,0,1,0,0,0,0,1,0,1,1,0,0,0,1,0,0,1,0,1,0,0,0,0,1,1,18.8,TEST
16,1,4,10,2025,0,0,1,0,0,0,0,1,0,1,1,0,0,0,1,0,0,1,0,1,0,0,0,1,0,0,-57.85,TEST
17,0,1,11,2025,1,0,0,0,0,0,0,1,0,1,1,0,0,0,1,0,0,1,0,1,0,0,0,1,0,0,-38.31,TEST
15,2,1,11,2025,0,0,0,0,0,0,0,1,0,1,1,0,0,1,1,0,0,1,0,1,0,0,0,1,0,1,17.7,TEST
9,2,2,11,2025,0,0,0,0,0,0,0,1,0,1,1,0,0,0,1,0,0,1,0,1,0,0,1,0,0,1,28.9,TEST
13,1,3,11,2025,0,0,0,0,0,0,0,0,1,1,1,0,0,0,1,0,0,0,1,1,0,0,0,0,1,1,26.8,TEST
15,3,3,11,2025,0,0,0,0,0,0,0,1,0,1,0,1,0,1,1,0,0,1,0,0,1,0,0,1,0,1,18.5,TEST
16,3,3,11,2025,0,0,0,0,0,0,0,1,0,1,1,0,0,0,1,0,0,1,0,1,0,0,0,1,0,1,36.0,TEST
16,2,4,11,2025,0,0,1,0,0,0,0,1,0,1,1,0,0,0,1,0,0,1,0,1,0,0,0,1,0,1,27.2,TEST
15,3,4,11,2025,0,0,1,0,0,0,0,1,0,1,1,0,0,1,1,0,0,1,0,1,0,0,0,1,0,0,-33.76,TEST
15,1,1,12,2025,0,0,0,0,0,0,0,1,0,1,1,0,0,1,1,0,0,1,0,1,0,0,0,1,0,1,23.5,TEST
6,4,1,12,2025,0,1,0,0,0,0,0,1,0,1,1,0,1,0,1,0,0,1,0,1,0,0,1,0,0,1,13.8,TEST
16,0,2,12,2025,1,0,0,0,0,0,0,1,0,1,1,0,0,0,1,0,0,1,0,1,0,0,0,1,0,0,-29.79,TEST
8,1,2,12,2025,0,0,0,0,0,0,0,0,1,1,1,0,0,0,1,0,0,0,1,1,0,0,1,0,0,1,23.6,TEST
7,3,2,12,2025,0,0,0,0,0,0,0,0,1,1,1,0,1,0,1,0,0,0,1,1,0,0,1,0,0,0,-41.91,TEST
16,4,2,12,2025,0,1,0,0,0,0,0,1,0,1,1,0,0,0,1,0,0,1,0,1,0,0,0,1,0,1,18.6,TEST
15,1,3,12,2025,0,0,0,0,0,0,0,0,1,1,0,1,0,1,1,0,0,0,1,0,1,0,0,1,0,1,23.5,TEST
16,3,3,12,2025,0,0,0,0,0,0,0,1,0,1,1,0,0,0,1,0,0,1,0,1,0,0,0,1,0,1,26.4,TEST
16,1,1,1,2026,0,0,0,0,0,0,0,1,0,1,1,0,0,0,1,0,0,1,0,1,0,0,0,1,0,0,-35.29,TEST
13,2,1,1,2026,0,0,0,0,0,0,0,1,0,1,1,0,0,0,1,0,0,1,0,1,0,0,0,0,1,0,-36.74,TEST
15,4,2,1,2026,0,1,0,0,0,0,0,1,0,1,0,1,0,1,1,0,0,1,0,0,1,0,0,1,0,0,-29.1,TEST
15,1,2,1,2026,0,0,0,0,0,0,0,1,0,1,0,1,0,1,1,0,0,1,0,0,1,0,0,1,0,0,-26.55,TEST
6,2,2,1,2026,0,0,0,0,0,0,0,1,0,1,1,0,1,0,1,0,0,1,0,1,0,0,1,0,0,1,11.0,TEST
13,3,3,1,2026,0,0,0,0,0,0,0,1,0,1,1,0,0,0,1,0,0,1,0,1,0,0,0,0,1,0,-30.55,TEST
16,1,3,1,2026,0,0,0,0,0,0,0,0,1,1,1,0,0,0,1,0,0,0,1,1,0,0,0,1,0,1,38.5,TEST
16,0,4,1,2026,1,0,1,0,0,0,0,1,0,1,1,0,0,0,1,0,0,1,0,1,0,0,0,1,0,1,26.4,TEST
7,1,4,1,2026,0,0,1,0,0,0,0,0,1,1,1,0,1,0,1,0,0,0,1,1,0,0,1,0,0,1,24.3,TEST
13,1,4,1,2026,0,0,1,0,0,0,0,1,0,1,1,0,0,0,1,0,0,1,0,1,0,0,0,0,1,1,29.7,TEST
15,1,4,1,2026,0,0,1,0,0,0,0,1,0,1,1,0,0,1,1,0,0,1,0,1,0,0,0,1,0,1,55.2,TEST
8,2,4,1,2026,0,0,1,0,0,0,0,1,0,1,1,0,0,0,1,0,0,1,0,1,0,0,1,0,0,1,19.9,TEST
17,3,5,1,2026,0,0,1,0,0,0,0,0,1,1,0,1,0,0,1,0,0,0,1,0,1,0,0,1,0,1,29.56,TEST
13,3,1,2,2026,0,0,0,0,0,0,0,1,0,1,1,0,0,0,1,0,0,1,0,1,0,0,0,0,1,0,-6.8,TEST
6,4,1,2,2026,0,1,0,0,0,0,0,1,0,1,1,0,1,0,1,0,0,1,0,1,0,0,1,0,0,1,22.2,TEST
15,1,2,2,2026,0,0,0,0,0,0,0,1,0,1,1,0,0,1,1,0,0,1,0,1,0,0,0,1,0,1,21.0,TEST
16,1,2,2,2026,0,0,0,0,0,0,0,1,0,1,1,0,0,0,1,0,0,1,0,1,0,0,0,1,0,0,-50.68,TEST
15,2,2,2,2026,0,0,0,0,0,0,0,0,1,1,1,0,0,1,1,0,0,0,1,1,0,0,0,1,0,1,39.7,TEST
15,1,3,2,2026,0,0,0,0,0,0,0,0,1,1,1,0,0,1,1,0,0,0,1,1,0,0,0,1,0,1,21.0,TEST
15,3,3,2,2026,0,0,0,0,0,0,0,1,0,1,0,1,0,1,1,0,0,1,0,0,1,0,0,1,0,0,-2.4,TEST
9,4,3,2,2026,0,1,0,0,0,0,0,1,0,1,1,0,0,0,1,0,0,1,0,1,0,0,1,0,0,1,2.9,TEST
15,4,3,2,2026,0,1,0,0,0,0,0,1,0,1,0,1,0,1,1,0,0,1,0,0,1,0,0,1,0,1,24.07,TEST
13,2,4,2,2026,0,0,1,0,0,0,0,0,1,1,1,0,0,0,1,0,0,0,1,1,0,0,0,0,1,0,0.0,TEST
16,1,2,11,2024,0,0,0,0,1,0,0,0,0,0,0,1,0,0,0,0,1,0,1,0,1,0,0,1,0,1,7.18,TRAIN
17,2,2,11,2024,0,0,0,1,0,0,0,0,0,1,1,0,0,0,0,0,1,1,0,1,0,0,0,1,0,1,47.6,TRAIN
15,3,2,11,2024,0,0,0,1,0,0,0,0,0,1,0,1,0,1,0,0,1,1,0,0,1,0,0,1,0,0,-48.68,TRAIN
6,4,3,11,2024,0,1,0,0,1,0,0,0,0,0,1,0,1,0,0,0,1,0,1,1,0,0,1,0,0,0,-9.4,TRAIN
15,4,3,11,2024,0,1,0,1,0,0,0,0,0,1,0,1,0,1,0,0,1,1,0,0,1,0,0,1,0,0,-47.1,TRAIN
16,4,3,11,2024,0,1,0,1,0,0,0,0,0,1,0,1,0,0,0,0,1,1,0,0,1,0,0,1,0,1,28.9,TRAIN
16,4,3,11,2024,0,1,0,0,1,0,0,0,0,0,0,1,0,0,0,0,1,0,1,0,1,0,0,1,0,1,16.3,TRAIN
15,2,3,11,2024,0,0,0,0,1,0,0,0,0,0,1,0,0,1,0,0,1,0,1,1,0,0,0,1,0,1,46.49,TRAIN
16,2,4,11,2024,0,0,1,1,0,0,0,0,0,1,0,1,0,0,0,0,1,1,0,0,1,0,0,1,0,1,29.4,TRAIN
15,3,4,11,2024,0,0,1,0,1,0,0,0,0,0,1,0,0,1,0,0,1,0,1,1,0,0,0,1,0,1,26.3,TRAIN
6,2,1,12,2024,0,0,0,0,1,0,0,0,0,0,0,1,1,0,0,0,1,0,1,0,1,0,1,0,0,0,-38.12,TRAIN
16,3,1,12,2024,0,0,0,0,1,0,0,0,0,0,0,1,0,0,0,0,1,0,1,0,1,0,0,1,0,1,11.4,TRAIN
8,1,2,12,2024,0,0,0,1,0,0,0,0,0,1,1,0,0,0,0,0,1,1,0,1,0,0,1,0,0,1,48.6,TRAIN
9,2,2,12,2024,0,0,0,0,1,0,0,0,0,0,0,1,0,0,0,0,1,0,1,0,1,0,1,0,0,1,16.16,TRAIN
15,2,2,12,2024,0,0,0,0,1,0,0,0,0,0,0,1,0,1,0,0,1,0,1,0,1,0,0,1,0,0,-90.88,TRAIN
9,4,2,12,2024,0,1,0,1,0,0,0,0,0,1,0,1,0,0,0,0,1,1,0,0,1,0,1,0,0,1,26.6,TRAIN
15,1,3,12,2024,0,0,0,1,0,0,0,0,0,1,1,0,0,1,0,0,1,1,0,1,0,0,0,1,0,0,-53.24,TRAIN
15,3,3,12,2024,0,0,0,1,0,0,0,0,0,1,0,1,0,1,0,0,1,1,0,0,1,0,0,1,0,1,26.1,TRAIN
13,1,5,12,2024,0,0,1,1,0,0,0,0,0,1,1,0,0,0,0,0,1,1,0,1,0,0,0,0,1,1,61.4,TRAIN
13,3,1,1,2025,0,0,0,1,0,0,0,0,0,1,1,0,0,0,0,0,1,1,0,1,0,0,0,0,1,1,52.0,TRAIN
17,4,1,1,2025,0,1,0,1,0,0,0,0,0,1,1,0,0,0,0,0,1,1,0,1,0,0,0,1,0,1,32.7,TRAIN
16,0,1,1,2025,1,0,0,0,1,0,0,0,0,0,1,0,0,0,0,0,1,0,1,1,0,0,0,1,0,0,-148.29,TRAIN
13,4,2,1,2025,0,1,0,0,1,0,0,0,0,0,1,0,0,0,0,0,1,0,1,1,0,0,0,0,1,0,-64.39,TRAIN
8,0,2,1,2025,1,0,0,1,0,0,0,0,0,1,0,1,0,0,0,0,1,1,0,0,1,0,1,0,0,0,-43.02,TRAIN
15,0,2,1,2025,1,0,0,1,0,0,0,0,0,1,0,1,0,1,0,0,1,1,0,0,1,0,0,1,0,1,22.5,TRAIN
16,1,2,1,2025,0,0,0,0,1,0,0,0,0,0,1,0,0,0,0,0,1,0,1,1,0,0,0,1,0,1,43.1,TRAIN
15,3,3,1,2025,0,0,0,0,1,0,0,0,0,0,0,1,0,1,0,0,1,0,1,0,1,0,0,1,0,1,39.7,TRAIN
9,0,3,1,2025,1,0,0,1,0,0,0,0,0,1,1,0,0,0,0,0,1,1,0,1,0,0,1,0,0,0,-84.94,TRAIN
16,1,3,1,2025,0,0,0,1,0,0,0,0,0,1,0,1,0,0,0,0,1,1,0,0,1,0,0,1,0,0,-23.4,TRAIN
6,3,4,1,2025,0,0,0,1,0,0,0,0,0,1,1,0,1,0,0,0,1,1,0,1,0,0,1,0,0,0,-58.35,TRAIN
7,4,4,1,2025,0,1,0,0,1,0,0,0,0,0,1,0,1,0,0,0,1,0,1,1,0,0,1,0,0,1,90.9,TRAIN
13,0,4,1,2025,1,0,1,1,0,0,0,0,0,1,0,1,0,0,0,0,1,1,0,0,1,0,0,0,1,1,16.2,TRAIN
8,3,5,1,2025,0,0,1,0,1,0,0,0,0,0,0,1,0,0,0,0,1,0,1,0,1,0,1,0,0,1,13.22,TRAIN
6,4,5,1,2025,0,1,1,1,0,0,0,0,0,1,1,0,1,0,0,0,1,1,0,1,0,0,1,0,0,1,39.1,TRAIN
7,4,5,1,2025,0,1,1,1,0,0,0,0,0,1,1,0,1,0,0,0,1,1,0,1,0,0,1,0,0,1,68.9,TRAIN
15,3,1,2,2025,0,0,0,0,1,0,0,0,0,0,1,0,0,1,0,0,1,0,1,1,0,0,0,1,0,1,34.1,TRAIN
15,4,1,2,2025,0,1,0,0,1,0,0,0,0,0,0,1,0,1,0,0,1,0,1,0,1,0,0,1,0,1,35.1,TRAIN
15,2,2,2,2025,0,0,0,1,0,0,0,0,0,1,0,1,0,1,0,0,1,1,0,0,1,0,0,1,0,0,-122.22,TRAIN
16,1,3,2,2025,0,0,0,1,0,0,0,0,0,1,1,0,0,0,0,0,1,1,0,1,0,0,0,1,0,1,3.9,TRAIN
16,0,4,2,2025,1,0,0,0,1,0,0,0,0,0,1,0,0,0,0,0,1,0,1,1,0,0,0,1,0,0,-69.67,TRAIN
6,2,4,2,2025,0,0,1,1,0,0,0,0,0,1,1,0,1,0,0,0,1,1,0,1,0,0,1,0,0,1,59.7,TRAIN
15,2,1,3,2025,0,0,0,0,1,0,0,0,0,0,0,1,0,1,0,0,1,0,1,0,1,0,0,1,0,1,29.8,TRAIN
17,2,1,3,2025,0,0,0,1,0,0,0,0,0,1,0,1,0,0,0,0,1,1,0,0,1,0,0,1,0,1,27.7,TRAIN
16,3,1,3,2025,0,0,0,1,0,0,0,0,0,1,0,1,0,0,0,0,1,1,0,0,1,0,0,1,0,1,20.24,TRAIN
15,4,1,3,2025,0,1,0,1,0,0,0,0,0,1,1,0,0,1,0,0,1,1,0,1,0,0,0,1,0,1,38.3,TRAIN
6,1,2,3,2025,0,0,0,1,0,0,0,0,0,1,1,0,1,0,0,0,1,1,0,1,0,0,1,0,0,1,41.3,TRAIN
16,1,2,3,2025,0,0,0,0,1,0,0,0,0,0,0,1,0,0,0,0,1,0,1,0,1,0,0,1,0,1,31.4,TRAIN
16,2,2,3,2025,0,0,0,0,1,0,0,0,0,0,1,0,0,0,0,0,1,0,1,1,0,0,0,1,0,1,58.7,TRAIN
8,0,3,3,2025,1,0,0,0,1,0,0,0,0,0,0,1,0,0,0,0,1,0,1,0,1,0,1,0,0,1,12.62,TRAIN
6,1,3,3,2025,0,0,0,0,1,0,0,0,0,0,0,1,1,0,0,0,1,0,1,0,1,0,1,0,0,0,-32.27,TRAIN
8,2,3,3,2025,0,0,0,0,1,0,0,0,0,0,0,1,0,0,0,0,1,0,1,0,1,0,1,0,0,1,10.9,TRAIN
9,4,3,3,2025,0,1,0,0,1,0,0,0,0,0,0,1,0,0,0,0,1,0,1,0,1,0,1,0,0,1,27.9,TRAIN
15,0,4,3,2025,1,0,0,1,0,0,0,0,0,1,1,0,0,1,0,0,1,1,0,1,0,0,0,1,0,1,53.5,TRAIN
8,3,4,3,2025,0,0,1,1,0,0,0,0,0,1,1,0,0,0,0,0,1,1,0,1,0,0,1,0,0,1,46.2,TRAIN
8,1,1,4,2025,0,0,0,1,0,0,0,0,0,1,1,0,0,0,0,0,1,1,0,1,0,0,1,0,0,0,-58.3,TRAIN
15,4,1,4,2025,0,1,0,0,1,0,0,0,0,0,1,0,0,1,0,0,1,0,1,1,0,0,0,1,0,0,-150.81,TRAIN
16,0,1,4,2025,1,0,0,0,1,0,0,0,0,0,0,1,0,0,0,0,1,0,1,0,1,0,0,1,0,0,-46.1,TRAIN
16,1,2,4,2025,0,0,0,1,0,0,0,0,0,1,0,1,0,0,0,0,1,1,0,0,1,0,0,1,0,1,36.66,TRAIN
16,4,2,4,2025,0,1,0,0,1,0,0,0,0,0,0,1,0,0,0,0,1,0,1,0,1,0,0,1,0,0,-82.65,TRAIN
13,2,3,4,2025,0,0,0,1,0,0,0,0,0,1,1,0,0,0,0,0,1,1,0,1,0,0,0,0,1,0,-90.11,TRAIN
6,3,3,4,2025,0,0,0,1,0,0,0,0,0,1,1,0,1,0,0,0,1,1,0,1,0,0,1,0,0,0,-121.02,TRAIN
15,0,3,4,2025,1,0,0,1,0,0,0,0,0,1,1,0,0,1,0,0,1,1,0,1,0,0,0,1,0,1,26.5,TRAIN
16,2,4,4,2025,0,0,0,0,1,0,0,0,0,0,0,1,0,0,0,0,1,0,1,0,1,0,0,1,0,0,-56.54,TRAIN
15,1,5,4,2025,0,0,1,0,1,0,0,0,0,0,1,0,0,1,0,0,1,0,1,1,0,0,0,1,0,0,-73.15,TRAIN
16,3,1,5,2025,0,0,0,0,1,0,0,0,0,0,0,1,0,0,0,0,1,0,1,0,1,0,0,1,0,0,-42.38,TRAIN
6,4,1,5,2025,0,1,0,0,1,0,0,0,0,0,1,0,1,0,0,0,1,0,1,1,0,0,1,0,0,1,47.8,TRAIN
17,0,1,5,2025,1,0,0,0,1,0,0,0,0,0,0,1,0,0,0,0,1,0,1,0,1,0,0,1,0,0,-44.7,TRAIN
15,3,3,5,2025,0,0,0,1,0,0,0,0,0,1,0,1,0,1,0,0,1,1,0,0,1,0,0,1,0,1,8.9,TRAIN
16,3,3,5,2025,0,0,0,1,0,0,0,0,0,1,0,1,0,0,0,0,1,1,0,0,1,0,0,1,0,0,-34.36,TRAIN
13,4,3,5,2025,0,1,0,1,0,0,0,0,0,1,1,0,0,0,0,0,1,1,0,1,0,0,0,0,1,1,5.58,TRAIN
17,4,3,5,2025,0,1,0,0,1,0,0,0,0,0,1,0,0,0,0,0,1,0,1,1,0,0,0,1,0,0,-30.84,TRAIN
13,3,4,5,2025,0,0,0,1,0,0,0,0,0,1,1,0,0,0,0,0,1,1,0,1,0,0,0,0,1,1,62.6,TRAIN
15,4,4,5,2025,0,1,0,1,0,0,0,0,0,1,0,1,0,1,0,0,1,1,0,0,1,0,0,1,0,1,15.1,TRAIN
17,0,4,5,2025,1,0,1,0,1,0,0,0,0,0,1,0,0,0,0,0,1,0,1,1,0,0,0,1,0,1,45.9,TRAIN
6,1,4,5,2025,0,0,1,1,0,0,0,0,0,1,1,0,1,0,0,0,1,1,0,1,0,0,1,0,0,1,32.5,TRAIN
7,1,4,5,2025,0,0,1,1,0,0,0,0,0,1,1,0,1,0,0,0,1,1,0,1,0,0,1,0,0,1,47.4,TRAIN
8,1,4,5,2025,0,0,1,1,0,0,0,0,0,1,1,0,0,0,0,0,1,1,0,1,0,0,1,0,0,1,70.9,TRAIN
16,1,4,5,2025,0,0,1,0,1,0,0,0,0,0,1,0,0,0,0,0,1,0,1,1,0,0,0,1,0,1,23.3,TRAIN
6,2,4,5,2025,0,0,1,1,0,0,0,0,0,1,1,0,1,0,0,0,1,1,0,1,0,0,1,0,0,1,84.0,TRAIN
9,1,1,6,2025,0,0,0,0,1,0,0,0,0,0,1,0,0,0,0,0,1,0,1,1,0,0,1,0,0,1,39.9,TRAIN
15,3,1,6,2025,0,0,0,1,0,0,0,0,0,1,0,1,0,1,0,0,1,1,0,0,1,0,0,1,0,1,29.7,TRAIN
6,4,1,6,2025,0,1,0,1,0,0,0,0,0,1,1,0,1,0,0,0,1,1,0,1,0,0,1,0,0,1,31.9,TRAIN
15,0,2,6,2025,1,0,0,1,0,0,0,0,0,1,1,0,0,1,0,0,1,1,0,1,0,0,0,1,0,1,49.1,TRAIN
15,2,2,6,2025,0,0,0,0,1,0,0,0,0,0,1,0,0,1,0,0,1,0,1,1,0,0,0,1,0,1,46.8,TRAIN
16,4,2,6,2025,0,1,0,0,1,0,0,0,0,0,0,1,0,0,0,0,1,0,1,0,1,0,0,1,0,1,19.7,TRAIN
15,1,3,6,2025,0,0,0,1,0,0,0,0,0,1,0,1,0,1,0,0,1,1,0,0,1,0,0,1,0,1,34.7,TRAIN
17,0,4,6,2025,1,0,0,0,1,0,0,0,0,0,1,0,0,0,0,0,1,0,1,1,0,0,0,1,0,1,26.72,TRAIN
8,3,4,6,2025,0,0,1,1,0,0,0,0,0,1,1,0,0,0,0,0,1,1,0,1,0,0,1,0,0,0,-53.71,TRAIN
15,3,4,6,2025,0,0,1,0,1,0,0,0,0,0,0,1,0,1,0,0,1,0,1,0,1,0,0,1,0,0,-38.65,TRAIN
6,4,4,6,2025,0,1,1,0,1,0,0,0,0,0,1,0,1,0,0,0,1,0,1,1,0,0,1,0,0,1,38.4,TRAIN
16,1,1,7,2025,0,0,0,0,1,0,0,0,0,0,0,1,0,0,0,0,1,0,1,0,1,0,0,1,0,0,-36.63,TRAIN
15,2,1,7,2025,0,0,0,0,1,0,0,0,0,0,1,0,0,1,0,0,1,0,1,1,0,0,0,1,0,0,-86.45,TRAIN
15,3,1,7,2025,0,0,0,1,0,0,0,0,0,1,0,1,0,1,0,0,1,1,0,0,1,0,0,1,0,1,81.2,TRAIN
6,1,2,7,2025,0,0,0,1,0,0,0,0,0,1,1,0,1,0,0,0,1,1,0,1,0,0,1,0,0,1,48.0,TRAIN
15,2,2,7,2025,0,0,0,1,0,0,0,0,0,1,0,1,0,1,0,0,1,1,0,0,1,0,0,1,0,0,-31.95,TRAIN
8,3,2,7,2025,0,0,0,1,0,0,0,0,0,1,1,0,0,0,0,0,1,1,0,1,0,0,1,0,0,1,38.7,TRAIN
16,2,3,7,2025,0,0,0,1,0,0,0,0,0,1,1,0,0,0,0,0,1,1,0,1,0,0,0,1,0,0,-16.0,TRAIN
17,4,3,7,2025,0,1,0,1,0,0,0,0,0,1,0,1,0,0,0,0,1,1,0,0,1,0,0,1,0,1,24.8,TRAIN
17,3,4,7,2025,0,0,0,0,1,0,0,0,0,0,1,0,0,0,0,0,1,0,1,1,0,0,0,1,0,0,-17.5,TRAIN
8,4,4,7,2025,0,1,1,0,1,0,0,0,0,0,1,0,0,0,0,0,1,0,1,1,0,0,1,0,0,0,-85.4,TRAIN
16,4,4,7,2025,0,1,1,1,0,0,0,0,0,1,0,1,0,0,0,0,1,1,0,0,1,0,0,1,0,1,18.1,TRAIN
15,0,4,7,2025,1,0,1,0,1,0,0,0,0,0,1,0,0,1,0,0,1,0,1,1,0,0,0,1,0,0,-69.09,TRAIN
16,1,1,8,2025,0,0,0,0,1,0,0,0,0,0,1,0,0,0,0,0,1,0,1,1,0,0,0,1,0,1,24.7,TRAIN
8,3,1,8,2025,0,0,0,0,1,0,0,0,0,0,1,0,0,0,0,0,1,0,1,1,0,0,1,0,0,1,22.02,TRAIN
17,3,1,8,2025,0,0,0,0,1,0,0,0,0,0,0,1,0,0,0,0,1,0,1,0,1,0,0,1,0,1,18.8,TRAIN
6,4,2,8,2025,0,1,0,1,0,0,0,0,0,1,1,0,1,0,0,0,1,1,0,1,0,0,1,0,0,1,39.5,TRAIN
16,4,2,8,2025,0,1,0,0,1,0,0,0,0,0,1,0,0,0,0,0,1,0,1,1,0,0,0,1,0,1,20.2,TRAIN
15,0,2,8,2025,1,0,0,1,0,0,0,0,0,1,1,0,0,1,0,0,1,1,0,1,0,0,0,1,0,0,-9.8,TRAIN
15,1,2,8,2025,0,0,0,0,1,0,0,0,0,0,1,0,0,1,0,0,1,0,1,1,0,0,0,1,0,1,35.4,TRAIN
15,4,3,8,2025,0,1,0,0,1,0,0,0,0,0,0,1,0,1,0,0,1,0,1,0,1,0,0,1,0,0,-55.83,TRAIN
17,1,3,8,2025,0,0,0,0,1,0,0,0,0,0,1,0,0,0,0,0,1,0,1,1,0,0,0,1,0,1,43.5,TRAIN
13,1,4,8,2025,0,0,1,0,1,0,0,0,0,0,1,0,0,0,0,0,1,0,1,1,0,0,0,0,1,1,44.9,TRAIN
17,2,4,8,2025,0,0,1,0,1,0,0,0,0,0,1,0,0,0,0,0,1,0,1,1,0,0,0,1,0,1,26.5,TRAIN
6,0,1,9,2025,1,0,0,0,1,0,0,0,0,0,1,0,1,0,0,0,1,0,1,1,0,0,1,0,0,0,-6.8,TEST
6,0,1,9,2025,1,0,0,0,1,0,0,0,0,0,1,0,1,0,0,0,1,0,1,1,0,0,1,0,0,0,-78.17,TEST
16,1,1,9,2025,0,0,0,0,1,0,0,0,0,0,1,0,0,0,0,0,1,0,1,1,0,0,0,1,0,1,32.4,TEST
9,2,1,9,2025,0,0,0,0,1,0,0,0,0,0,1,0,0,0,0,0,1,0,1,1,0,0,1,0,0,1,40.3,TEST
8,3,1,9,2025,0,0,0,1,0,0,0,0,0,1,1,0,0,0,0,0,1,1,0,1,0,0,1,0,0,1,47.5,TEST
6,2,2,9,2025,0,0,0,0,1,0,0,0,0,0,1,0,1,0,0,0,1,0,1,1,0,0,1,0,0,0,-54.81,TEST
15,3,2,9,2025,0,0,0,0,1,0,0,0,0,0,0,1,0,1,0,0,1,0,1,0,1,0,0,1,0,1,49.5,TEST
6,1,3,9,2025,0,0,0,0,1,0,0,0,0,0,1,0,1,0,0,0,1,0,1,1,0,0,1,0,0,1,33.8,TEST
13,1,3,9,2025,0,0,0,1,0,0,0,0,0,1,1,0,0,0,0,0,1,1,0,1,0,0,0,0,1,0,-65.24,TEST
16,0,4,9,2025,1,0,0,0,1,0,0,0,0,0,0,1,0,0,0,0,1,0,1,0,1,0,0,1,0,1,17.9,TEST
6,1,4,9,2025,0,0,0,1,0,0,0,0,0,1,1,0,1,0,0,0,1,1,0,1,0,0,1,0,0,1,23.7,TEST
17,4,1,10,2025,0,1,0,1,0,0,0,0,0,1,0,1,0,0,0,0,1,1,0,0,1,0,0,1,0,1,91.05,TEST
15,0,1,10,2025,1,0,0,0,1,0,0,0,0,0,1,0,0,1,0,0,1,0,1,1,0,0,0,1,0,1,7.3,TEST
9,2,2,10,2025,0,0,0,1,0,0,0,0,0,1,0,1,0,0,0,0,1,1,0,0,1,0,1,0,0,1,33.13,TEST
16,2,2,10,2025,0,0,0,1,0,0,0,0,0,1,0,1,0,0,0,0,1,1,0,0,1,0,0,1,0,1,13.9,TEST
9,1,2,10,2025,0,0,0,1,0,0,0,0,0,1,0,1,0,0,0,0,1,1,0,0,1,0,1,0,0,1,19.9,TEST
16,1,2,10,2025,0,0,0,0,1,0,0,0,0,0,0,1,0,0,0,0,1,0,1,0,1,0,0,1,0,1,11.2,TEST
8,0,3,10,2025,1,0,0,0,1,0,0,0,0,0,1,0,0,0,0,0,1,0,1,1,0,0,1,0,0,0,-96.64,TEST
16,4,4,10,2025,0,1,0,0,1,0,0,0,0,0,0,1,0,0,0,0,1,0,1,0,1,0,0,1,0,0,-34.9,TEST
15,0,4,10,2025,1,0,1,1,0,0,0,0,0,1,1,0,0,1,0,0,1,1,0,1,0,0,0,1,0,0,-90.51,TEST
6,3,5,10,2025,0,0,1,0,1,0,0,0,0,0,1,0,1,0,0,0,1,0,1,1,0,0,1,0,0,0,-83.83,TEST
7,4,5,10,2025,0,1,1,1,0,0,0,0,0,1,1,0,1,0,0,0,1,1,0,1,0,0,1,0,0,0,-0.5,TEST
6,0,1,11,2025,1,0,0,0,1,0,0,0,0,0,1,0,1,0,0,0,1,0,1,1,0,0,1,0,0,1,26.8,TEST
8,2,1,11,2025,0,0,0,1,0,0,0,0,0,1,1,0,0,0,0,0,1,1,0,1,0,0,1,0,0,1,55.7,TEST
15,0,2,11,2025,1,0,0,0,1,0,0,0,0,0,1,0,0,1,0,0,1,0,1,1,0,0,0,1,0,1,30.4,TEST
15,4,2,11,2025,0,1,0,0,1,0,0,0,0,0,1,0,0,1,0,0,1,0,1,1,0,0,0,1,0,0,-121.05,TEST
15,3,3,11,2025,0,0,0,0,1,0,0,0,0,0,0,1,0,1,0,0,1,0,1,0,1,0,0,1,0,1,11.6,TEST
7,1,4,11,2025,0,0,1,1,0,0,0,0,0,1,1,0,1,0,0,0,1,1,0,1,0,0,1,0,0,0,-59.01,TEST
7,4,4,11,2025,0,1,1,1,0,0,0,0,0,1,1,0,1,0,0,0,1,1,0,1,0,0,1,0,0,0,-51.82,TEST
6,0,2,12,2025,1,0,0,1,0,0,0,0,0,1,1,0,1,0,0,0,1,1,0,1,0,0,1,0,0,1,23.8,TEST
7,1,2,12,2025,0,0,0,0,1,0,0,0,0,0,0,1,1,0,0,0,1,0,1,0,1,0,1,0,0,0,-32.8,TEST
15,1,3,12,2025,0,0,0,1,0,0,0,0,0,1,0,1,0,1,0,0,1,1,0,0,1,0,0,1,0,1,25.9,TEST
15,2,3,12,2025,0,0,0,0,1,0,0,0,0,0,1,0,0,1,0,0,1,0,1,1,0,0,0,1,0,0,-51.13,TEST
15,3,3,12,2025,0,0,0,0,1,0,0,0,0,0,1,0,0,1,0,0,1,0,1,1,0,0,0,1,0,1,7.12,TEST
16,3,3,12,2025,0,0,0,1,0,0,0,0,0,1,0,1,0,0,0,0,1,1,0,0,1,0,0,1,0,1,14.9,TEST
16,4,3,12,2025,0,1,0,1,0,0,0,0,0,1,0,1,0,0,0,0,1,1,0,0,1,0,0,1,0,1,19.7,TEST
16,2,4,12,2025,0,0,0,0,1,0,0,0,0,0,1,0,0,0,0,0,1,0,1,1,0,0,0,1,0,0,-63.31,TEST
15,4,4,12,2025,0,1,1,0,1,0,0,0,0,0,1,0,0,1,0,0,1,0,1,1,0,0,0,1,0,1,24.4,TEST
6,0,5,12,2025,1,0,1,1,0,0,0,0,0,1,1,0,1,0,0,0,1,1,0,1,0,0,1,0,0,0,-66.41,TEST
13,1,1,1,2026,0,0,0,1,0,0,0,0,0,1,1,0,0,0,0,0,1,1,0,1,0,0,0,0,1,1,28.3,TEST
6,2,1,1,2026,0,0,0,0,1,0,0,0,0,0,1,0,1,0,0,0,1,0,1,1,0,0,1,0,0,0,-57.46,TEST
15,4,2,1,2026,0,1,0,0,1,0,0,0,0,0,0,1,0,1,0,0,1,0,1,0,1,0,0,1,0,0,-36.6,TEST
6,0,2,1,2026,1,0,0,1,0,0,0,0,0,1,1,0,1,0,0,0,1,1,0,1,0,0,1,0,0,1,56.2,TEST
15,1,2,1,2026,0,0,0,1,0,0,0,0,0,1,1,0,0,1,0,0,1,1,0,1,0,0,0,1,0,1,27.6,TEST
6,0,3,1,2026,1,0,0,1,0,0,0,0,0,1,1,0,1,0,0,0,1,1,0,1,0,0,1,0,0,1,52.8,TEST
15,1,3,1,2026,0,0,0,1,0,0,0,0,0,1,0,1,0,1,0,0,1,1,0,0,1,0,0,1,0,1,24.7,TEST
15,0,4,1,2026,1,0,1,1,0,0,0,0,0,1,1,0,0,1,0,0,1,1,0,1,0,0,0,1,0,0,-13.3,TEST
16,1,4,1,2026,0,0,1,1,0,0,0,0,0,1,0,1,0,0,0,0,1,1,0,0,1,0,0,1,0,0,-40.59,TEST
9,0,1,2,2026,1,0,0,1,0,0,0,0,0,1,0,1,0,0,0,0,1,1,0,0,1,0,1,0,0,1,41.55,TEST
7,3,1,2,2026,0,0,0,1,0,0,0,0,0,1,1,0,1,0,0,0,1,1,0,1,0,0,1,0,0,1,33.4,TEST
8,0,2,2,2026,1,0,0,1,0,0,0,0,0,1,0,1,0,0,0,0,1,1,0,0,1,0,1,0,0,1,18.1,TEST
6,1,2,2,2026,0,0,0,0,1,0,0,0,0,0,1,0,1,0,0,0,1,0,1,1,0,0,1,0,0,1,86.4,TEST
15,2,2,2,2026,0,0,0,0,1,0,0,0,0,0,0,1,0,1,0,0,1,0,1,0,1,0,0,1,0,0,-33.87,TEST
7,3,2,2,2026,0,0,0,1,0,0,0,0,0,1,1,0,1,0,0,0,1,1,0,1,0,0,1,0,0,1,67.4,TEST
15,4,3,2,2026,0,1,0,1,0,0,0,0,0,1,0,1,0,1,0,0,1,1,0,0,1,0,0,1,0,1,19.5,TEST
6,0,4,2,2026,1,0,0,1,0,0,0,0,0,1,1,0,1,0,0,0,1,1,0,1,0,0,1,0,0,1,32.1,TEST
16,0,4,2,2026,1,0,0,0,1,0,0,0,0,0,1,0,0,0,0,0,1,0,1,1,0,0,0,1,0,1,33.2,TEST
6,2,4,2,2026,0,0,1,1,0,0,0,0,0,1,1,0,1,0,0,0,1,1,0,1,0,0,1,0,0,1,40.1,TEST
16,2,4,2,2026,0,0,1,0,1,0,0,0,0,0,1,0,0,0,0,0,1,0,1,1,0,0,0,1,0,1,25.0,TEST
8,3,4,2,2026,0,0,1,1,0,0,0,0,0,1,1,0,0,0,0,0,1,1,0,1,0,0,1,0,0,1,26.6,TEST
16,4,2,11,2024,0,1,0,0,0,0,1,0,0,1,1,0,0,0,0,1,0,0,1,1,0,0,0,1,0,1,51.0,TRAIN
15,1,2,11,2024,0,0,0,0,0,0,1,0,0,1,1,0,0,1,0,1,0,0,1,1,0,0,0,1,0,1,16.8,TRAIN
16,1,2,11,2024,0,0,0,0,0,0,1,0,0,1,1,0,0,0,0,1,0,0,1,1,0,0,0,1,0,1,33.4,TRAIN
7,2,2,11,2024,0,0,0,0,0,0,1,0,0,1,1,0,1,0,0,1,0,0,1,1,0,0,1,0,0,1,39.18,TRAIN
15,4,3,11,2024,0,1,0,0,0,1,0,0,0,0,1,0,0,1,0,1,0,1,0,1,0,0,0,1,0,0,-58.4,TRAIN
16,1,3,11,2024,0,0,0,0,0,0,1,0,0,1,0,1,0,0,0,1,0,0,1,0,1,0,0,1,0,1,10.54,TRAIN
9,2,3,11,2024,0,0,0,0,0,1,0,0,0,0,0,1,0,0,0,1,0,1,0,0,1,0,1,0,0,0,-35.7,TRAIN
7,3,3,11,2024,0,0,0,0,0,0,1,0,0,1,1,0,1,0,0,1,0,0,1,1,0,0,1,0,0,0,-5.2,TRAIN
17,3,3,11,2024,0,0,0,0,0,1,0,0,0,0,1,0,0,0,0,1,0,1,0,1,0,0,0,1,0,0,-41.96,TRAIN
7,0,4,11,2024,1,0,1,0,0,0,1,0,0,1,1,0,1,0,0,1,0,0,1,1,0,0,1,0,0,1,33.7,TRAIN
6,1,4,11,2024,0,0,1,0,0,1,0,0,0,0,1,0,1,0,0,1,0,1,0,1,0,0,1,0,0,1,37.1,TRAIN
7,2,4,11,2024,0,0,1,0,0,1,0,0,0,0,1,0,1,0,0,1,0,1,0,1,0,0,1,0,0,1,17.4,TRAIN
13,3,4,11,2024,0,0,1,0,0,1,0,0,0,0,1,0,0,0,0,1,0,1,0,1,0,0,0,0,1,1,22.9,TRAIN
17,4,5,11,2024,0,1,1,0,0,1,0,0,0,0,1,0,0,0,0,1,0,1,0,1,0,0,0,1,0,1,32.9,TRAIN
15,0,1,12,2024,1,0,0,0,0,0,1,0,0,1,1,0,0,1,0,1,0,0,1,1,0,0,0,1,0,1,43.1,TRAIN
6,2,1,12,2024,0,0,0,0,0,1,0,0,0,0,1,0,1,0,0,1,0,1,0,1,0,0,1,0,0,1,27.2,TRAIN
16,4,1,12,2024,0,1,0,0,0,0,1,0,0,1,1,0,0,0,0,1,0,0,1,1,0,0,0,1,0,1,36.6,TRAIN
16,0,2,12,2024,1,0,0,0,0,0,1,0,0,1,1,0,0,0,0,1,0,0,1,1,0,0,0,1,0,1,24.1,TRAIN
6,1,2,12,2024,0,0,0,0,0,1,0,0,0,0,1,0,1,0,0,1,0,1,0,1,0,0,1,0,0,1,17.5,TRAIN
15,3,2,12,2024,0,0,0,0,0,1,0,0,0,0,0,1,0,1,0,1,0,1,0,0,1,0,0,1,0,0,-30.12,TRAIN
8,2,3,12,2024,0,0,0,0,0,1,0,0,0,0,1,0,0,0,0,1,0,1,0,1,0,0,1,0,0,0,-6.1,TRAIN
13,2,3,12,2024,0,0,0,0,0,1,0,0,0,0,1,0,0,0,0,1,0,1,0,1,0,0,0,0,1,0,-59.56,TRAIN
8,3,4,12,2024,0,0,1,0,0,1,0,0,0,0,1,0,0,0,0,1,0,1,0,1,0,0,1,0,0,0,-40.16,TRAIN
13,4,4,12,2024,0,1,1,0,0,1,0,0,0,0,1,0,0,0,0,1,0,1,0,1,0,0,0,0,1,1,27.2,TRAIN
15,0,5,12,2024,1,0,1,0,0,1,0,0,0,0,1,0,0,1,0,1,0,1,0,1,0,0,0,1,0,0,-52.22,TRAIN
13,1,5,12,2024,0,0,1,0,0,0,1,0,0,1,1,0,0,0,0,1,0,0,1,1,0,0,0,0,1,0,-10.8,TRAIN
13,1,1,1,2025,0,0,0,0,0,0,1,0,0,1,1,0,0,0,0,1,0,0,1,1,0,0,0,0,1,1,47.1,TRAIN
9,2,2,1,2025,0,0,0,0,0,0,1,0,0,1,1,0,0,0,0,1,0,0,1,1,0,0,1,0,0,1,14.3,TRAIN
15,4,2,1,2025,0,1,0,0,0,0,1,0,0,1,1,0,0,1,0,1,0,0,1,1,0,0,0,1,0,1,68.3,TRAIN
16,0,2,1,2025,1,0,0,0,0,1,0,0,0,0,1,0,0,0,0,1,0,1,0,1,0,0,0,1,0,1,29.0,TRAIN
13,1,2,1,2025,0,0,0,0,0,0,1,0,0,1,1,0,0,0,0,1,0,0,1,1,0,0,0,0,1,0,-88.99,TRAIN
6,3,3,1,2025,0,0,0,0,0,0,1,0,0,1,1,0,1,0,0,1,0,0,1,1,0,0,1,0,0,1,12.4,TRAIN
16,1,3,1,2025,0,0,0,0,0,1,0,0,0,0,1,0,0,0,0,1,0,1,0,1,0,0,0,1,0,1,9.5,TRAIN
13,3,4,1,2025,0,0,0,0,0,1,0,0,0,0,1,0,0,0,0,1,0,1,0,1,0,0,0,0,1,1,19.7,TRAIN
13,0,4,1,2025,1,0,1,0,0,1,0,0,0,0,1,0,0,0,0,1,0,1,0,1,0,0,0,0,1,0,-100.45,TRAIN
15,3,5,1,2025,0,0,1,0,0,1,0,0,0,0,1,0,0,1,0,1,0,1,0,1,0,0,0,1,0,0,-67.95,TRAIN
9,2,1,2,2025,0,0,0,0,0,1,0,0,0,0,1,0,0,0,0,1,0,1,0,1,0,0,1,0,0,1,19.9,TRAIN
15,4,1,2,2025,0,1,0,0,0,0,1,0,0,1,0,1,0,1,0,1,0,0,1,0,1,0,0,1,0,1,25.7,TRAIN
15,0,2,2,2025,1,0,0,0,0,0,1,0,0,1,1,0,0,1,0,1,0,0,1,1,0,0,0,1,0,1,27.1,TRAIN
6,4,2,2,2025,0,1,0,0,0,0,1,0,0,1,1,0,1,0,0,1,0,0,1,1,0,0,1,0,0,0,-40.14,TRAIN
16,0,3,2,2025,1,0,0,0,0,0,1,0,0,1,1,0,0,0,0,1,0,0,1,1,0,0,0,1,0,0,-34.5,TRAIN
9,1,3,2,2025,0,0,0,0,0,1,0,0,0,0,1,0,0,0,0,1,0,1,0,1,0,0,1,0,0,0,-21.2,TRAIN
13,1,3,2,2025,0,0,0,0,0,0,1,0,0,1,1,0,0,0,0,1,0,0,1,1,0,0,0,0,1,1,28.4,TRAIN
6,2,4,2,2025,0,0,1,0,0,0,1,0,0,1,1,0,1,0,0,1,0,0,1,1,0,0,1,0,0,1,0.1,TRAIN
16,1,1,3,2025,0,0,0,0,0,0,1,0,0,1,1,0,0,0,0,1,0,0,1,1,0,0,0,1,0,0,-9.5,TRAIN
15,4,1,3,2025,0,1,0,0,0,1,0,0,0,0,0,1,0,1,0,1,0,1,0,0,1,0,0,1,0,0,-33.2,TRAIN
16,1,2,3,2025,0,0,0,0,0,0,1,0,0,1,1,0,0,0,0,1,0,0,1,1,0,0,0,1,0,0,-9.9,TRAIN
16,1,2,3,2025,0,0,0,0,0,0,1,0,0,1,1,0,0,0,0,1,0,0,1,1,0,0,0,1,0,0,-54.0,TRAIN
6,3,2,3,2025,0,0,0,0,0,0,1,0,0,1,1,0,1,0,0,1,0,0,1,1,0,0,1,0,0,1,15.7,TRAIN
8,0,3,3,2025,1,0,0,0,0,0,1,0,0,1,1,0,0,0,0,1,0,0,1,1,0,0,1,0,0,0,-4.7,TRAIN
7,0,4,3,2025,1,0,0,0,0,0,1,0,0,1,1,0,1,0,0,1,0,0,1,1,0,0,1,0,0,0,-7.1,TRAIN
7,0,4,3,2025,1,0,0,0,0,0,1,0,0,1,1,0,1,0,0,1,0,0,1,1,0,0,1,0,0,0,-41.37,TRAIN
16,0,4,3,2025,1,0,0,0,0,1,0,0,0,0,0,1,0,0,0,1,0,1,0,0,1,0,0,1,0,1,15.68,TRAIN
16,0,4,3,2025,1,0,0,0,0,0,1,0,0,1,1,0,0,0,0,1,0,0,1,1,0,0,0,1,0,1,34.1,TRAIN
17,1,1,4,2025,0,0,0,0,0,1,0,0,0,0,0,1,0,0,0,1,0,1,0,0,1,0,0,1,0,1,12.56,TRAIN
13,2,1,4,2025,0,0,0,0,0,1,0,0,0,0,1,0,0,0,0,1,0,1,0,1,0,0,0,0,1,1,29.4,TRAIN
6,4,1,4,2025,0,1,0,0,0,0,1,0,0,1,1,0,1,0,0,1,0,0,1,1,0,0,1,0,0,1,32.9,TRAIN
15,4,1,4,2025,0,1,0,0,0,0,1,0,0,1,0,1,0,1,0,1,0,0,1,0,1,0,0,1,0,1,25.42,TRAIN
15,1,2,4,2025,0,0,0,0,0,0,1,0,0,1,0,1,0,1,0,1,0,0,1,0,1,0,0,1,0,1,9.88,TRAIN
16,1,2,4,2025,0,0,0,0,0,1,0,0,0,0,1,0,0,0,0,1,0,1,0,1,0,0,0,1,0,1,43.7,TRAIN
8,2,2,4,2025,0,0,0,0,0,0,1,0,0,1,0,1,0,0,0,1,0,0,1,0,1,0,1,0,0,1,12.8,TRAIN
15,3,2,4,2025,0,0,0,0,0,0,1,0,0,1,0,1,0,1,0,1,0,0,1,0,1,0,0,1,0,1,15.3,TRAIN
16,0,2,4,2025,1,0,0,0,0,0,1,0,0,1,1,0,0,0,0,1,0,0,1,1,0,0,0,1,0,0,-70.2,TRAIN
15,3,3,4,2025,0,0,0,0,0,1,0,0,0,0,0,1,0,1,0,1,0,1,0,0,1,0,0,1,0,1,17.7,TRAIN
15,0,3,4,2025,1,0,0,0,0,0,1,0,0,1,1,0,0,1,0,1,0,0,1,1,0,0,0,1,0,1,25.8,TRAIN
7,1,4,4,2025,0,0,0,0,0,1,0,0,0,0,1,0,1,0,0,1,0,1,0,1,0,0,1,0,0,0,-74.32,TRAIN
15,3,4,4,2025,0,0,0,0,0,0,1,0,0,1,1,0,0,1,0,1,0,0,1,1,0,0,0,1,0,0,-42.13,TRAIN
7,0,4,4,2025,1,0,1,0,0,1,0,0,0,0,1,0,1,0,0,1,0,1,0,1,0,0,1,0,0,1,33.9,TRAIN
8,2,5,4,2025,0,0,1,0,0,1,0,0,0,0,1,0,0,0,0,1,0,1,0,1,0,0,1,0,0,0,-2.7,TRAIN
9,2,5,4,2025,0,0,1,0,0,1,0,0,0,0,1,0,0,0,0,1,0,1,0,1,0,0,1,0,0,0,-33.76,TRAIN
13,3,1,5,2025,0,0,0,0,0,1,0,0,0,0,1,0,0,0,0,1,0,1,0,1,0,0,0,0,1,1,50.9,TRAIN
16,3,2,5,2025,0,0,0,0,0,1,0,0,0,0,1,0,0,0,0,1,0,1,0,1,0,0,0,1,0,1,2.2,TRAIN
6,2,2,5,2025,0,0,0,0,0,0,1,0,0,1,1,0,1,0,0,1,0,0,1,1,0,0,1,0,0,0,-43.54,TRAIN
15,3,3,5,2025,0,0,0,0,0,0,1,0,0,1,1,0,0,1,0,1,0,0,1,1,0,0,0,1,0,1,9.95,TRAIN
13,4,3,5,2025,0,1,0,0,0,0,1,0,0,1,1,0,0,0,0,1,0,0,1,1,0,0,0,0,1,1,33.8,TRAIN
13,1,3,5,2025,0,0,0,0,0,0,1,0,0,1,1,0,0,0,0,1,0,0,1,1,0,0,0,0,1,0,-63.89,TRAIN
16,4,4,5,2025,0,1,0,0,0,0,1,0,0,1,1,0,0,0,0,1,0,0,1,1,0,0,0,1,0,0,-68.76,TRAIN
6,1,4,5,2025,0,0,1,0,0,0,1,0,0,1,1,0,1,0,0,1,0,0,1,1,0,0,1,0,0,1,24.0,TRAIN
8,1,4,5,2025,0,0,1,0,0,0,1,0,0,1,1,0,0,0,0,1,0,0,1,1,0,0,1,0,0,1,30.9,TRAIN
13,2,4,5,2025,0,0,1,0,0,1,0,0,0,0,1,0,0,0,0,1,0,1,0,1,0,0,0,0,1,0,-69.92,TRAIN
6,4,5,5,2025,0,1,1,0,0,0,1,0,0,1,1,0,1,0,0,1,0,0,1,1,0,0,1,0,0,0,-61.02,TRAIN
6,3,1,6,2025,0,0,0,0,0,0,1,0,0,1,1,0,1,0,0,1,0,0,1,1,0,0,1,0,0,0,-48.13,TRAIN
15,4,1,6,2025,0,1,0,0,0,0,1,0,0,1,0,1,0,1,0,1,0,0,1,0,1,0,0,1,0,0,-46.76,TRAIN
15,0,2,6,2025,1,0,0,0,0,0,1,0,0,1,1,0,0,1,0,1,0,0,1,1,0,0,0,1,0,1,71.2,TRAIN
13,2,2,6,2025,0,0,0,0,0,1,0,0,0,0,1,0,0,0,0,1,0,1,0,1,0,0,0,0,1,1,38.8,TRAIN
6,4,2,6,2025,0,1,0,0,0,0,1,0,0,1,1,0,1,0,0,1,0,0,1,1,0,0,1,0,0,1,4.2,TRAIN
6,4,2,6,2025,0,1,0,0,0,0,1,0,0,1,1,0,1,0,0,1,0,0,1,1,0,0,1,0,0,0,-9.8,TRAIN
15,1,3,6,2025,0,0,0,0,0,0,1,0,0,1,0,1,0,1,0,1,0,0,1,0,1,0,0,1,0,1,37.72,TRAIN
17,2,3,6,2025,0,0,0,0,0,1,0,0,0,0,1,0,0,0,0,1,0,1,0,1,0,0,0,1,0,0,-31.1,TRAIN
16,4,3,6,2025,0,1,0,0,0,0,1,0,0,1,1,0,0,0,0,1,0,0,1,1,0,0,0,1,0,1,21.6,TRAIN
13,0,4,6,2025,1,0,0,0,0,0,1,0,0,1,1,0,0,0,0,1,0,0,1,1,0,0,0,0,1,0,-92.9,TRAIN
17,1,4,6,2025,0,0,0,0,0,0,1,0,0,1,1,0,0,0,0,1,0,0,1,1,0,0,0,1,0,1,18.7,TRAIN
16,2,4,6,2025,0,0,1,0,0,1,0,0,0,0,1,0,0,0,0,1,0,1,0,1,0,0,0,1,0,1,26.1,TRAIN
15,3,4,6,2025,0,0,1,0,0,1,0,0,0,0,0,1,0,1,0,1,0,1,0,0,1,0,0,1,0,1,14.8,TRAIN
15,0,5,6,2025,1,0,1,0,0,1,0,0,0,0,1,0,0,1,0,1,0,1,0,1,0,0,0,1,0,1,21.7,TRAIN
16,1,1,7,2025,0,0,0,0,0,0,1,0,0,1,1,0,0,0,0,1,0,0,1,1,0,0,0,1,0,1,42.8,TRAIN
16,2,1,7,2025,0,0,0,0,0,1,0,0,0,0,0,1,0,0,0,1,0,1,0,0,1,0,0,1,0,0,-39.58,TRAIN
8,3,1,7,2025,0,0,0,0,0,1,0,0,0,0,1,0,0,0,0,1,0,1,0,1,0,0,1,0,0,1,28.9,TRAIN
6,0,1,7,2025,1,0,0,0,0,0,1,0,0,1,1,0,1,0,0,1,0,0,1,1,0,0,1,0,0,1,27.3,TRAIN
15,0,1,7,2025,1,0,0,0,0,1,0,0,0,0,1,0,0,1,0,1,0,1,0,1,0,0,0,1,0,0,-4.6,TRAIN
16,0,1,7,2025,1,0,0,0,0,1,0,0,0,0,1,0,0,0,0,1,0,1,0,1,0,0,0,1,0,0,-67.35,TRAIN
15,1,3,7,2025,0,0,0,0,0,0,1,0,0,1,0,1,0,1,0,1,0,0,1,0,1,0,0,1,0,1,26.6,TRAIN
15,2,3,7,2025,0,0,0,0,0,0,1,0,0,1,0,1,0,1,0,1,0,0,1,0,1,0,0,1,0,1,4.6,TRAIN
15,3,3,7,2025,0,0,0,0,0,1,0,0,0,0,0,1,0,1,0,1,0,1,0,0,1,0,0,1,0,1,14.9,TRAIN
13,1,4,7,2025,0,0,0,0,0,1,0,0,0,0,1,0,0,0,0,1,0,1,0,1,0,0,0,0,1,1,25.8,TRAIN
6,2,4,7,2025,0,0,0,0,0,1,0,0,0,0,1,0,1,0,0,1,0,1,0,1,0,0,1,0,0,1,20.1,TRAIN
16,3,4,7,2025,0,0,0,0,0,1,0,0,0,0,1,0,0,0,0,1,0,1,0,1,0,0,0,1,0,0,-41.16,TRAIN
9,4,4,7,2025,0,1,1,0,0,0,1,0,0,1,0,1,0,0,0,1,0,0,1,0,1,0,1,0,0,1,10.12,TRAIN
15,0,4,7,2025,1,0,1,0,0,1,0,0,0,0,1,0,0,1,0,1,0,1,0,1,0,0,0,1,0,0,-47.41,TRAIN
13,3,5,7,2025,0,0,1,0,0,0,1,0,0,1,1,0,0,0,0,1,0,0,1,1,0,0,0,0,1,1,55.6,TRAIN
15,4,1,8,2025,0,1,0,0,0,1,0,0,0,0,0,1,0,1,0,1,0,1,0,0,1,0,0,1,0,1,79.1,TRAIN
7,1,2,8,2025,0,0,0,0,0,0,1,0,0,1,1,0,1,0,0,1,0,0,1,1,0,0,1,0,0,0,-33.08,TRAIN
15,4,3,8,2025,0,1,0,0,0,1,0,0,0,0,0,1,0,1,0,1,0,1,0,0,1,0,0,1,0,0,-30.94,TRAIN
7,1,3,8,2025,0,0,0,0,0,1,0,0,0,0,1,0,1,0,0,1,0,1,0,1,0,0,1,0,0,1,20.0,TRAIN
8,2,3,8,2025,0,0,0,0,0,1,0,0,0,0,1,0,0,0,0,1,0,1,0,1,0,0,1,0,0,1,22.2,TRAIN
13,3,3,8,2025,0,0,0,0,0,1,0,0,0,0,1,0,0,0,0,1,0,1,0,1,0,0,0,0,1,0,-6.9,TRAIN
15,3,3,8,2025,0,0,0,0,0,0,1,0,0,1,1,0,0,1,0,1,0,0,1,1,0,0,0,1,0,1,19.8,TRAIN
13,4,4,8,2025,0,1,0,0,0,1,0,0,0,0,1,0,0,0,0,1,0,1,0,1,0,0,0,0,1,1,1.5,TRAIN
7,0,4,8,2025,1,0,1,0,0,1,0,0,0,0,1,0,1,0,0,1,0,1,0,1,0,0,1,0,0,0,-48.68,TRAIN
15,3,1,9,2025,0,0,0,0,0,1,0,0,0,0,0,1,0,1,0,1,0,1,0,0,1,0,0,1,0,1,14.8,TEST
16,1,2,9,2025,0,0,0,0,0,0,1,0,0,1,1,0,0,0,0,1,0,0,1,1,0,0,0,1,0,1,18.9,TEST
6,2,2,9,2025,0,0,0,0,0,1,0,0,0,0,1,0,1,0,0,1,0,1,0,1,0,0,1,0,0,1,21.5,TEST
15,3,2,9,2025,0,0,0,0,0,1,0,0,0,0,0,1,0,1,0,1,0,1,0,0,1,0,0,1,0,1,26.7,TEST
17,4,2,9,2025,0,1,0,0,0,1,0,0,0,0,1,0,0,0,0,1,0,1,0,1,0,0,0,1,0,1,11.64,TEST
8,0,4,9,2025,1,0,0,0,0,1,0,0,0,0,1,0,0,0,0,1,0,1,0,1,0,0,1,0,0,1,24.9,TEST
6,1,4,9,2025,0,0,0,0,0,0,1,0,0,1,1,0,1,0,0,1,0,0,1,1,0,0,1,0,0,1,27.1,TEST
13,4,4,9,2025,0,1,1,0,0,0,1,0,0,1,1,0,0,0,0,1,0,0,1,1,0,0,0,0,1,0,-46.04,TEST
17,0,5,9,2025,1,0,1,0,0,0,1,0,0,1,1,0,0,0,0,1,0,0,1,1,0,0,0,1,0,0,-54.41,TEST
15,3,1,10,2025,0,0,0,0,0,0,1,0,0,1,1,0,0,1,0,1,0,0,1,1,0,0,0,1,0,1,43.1,TEST
8,3,2,10,2025,0,0,0,0,0,0,1,0,0,1,1,0,0,0,0,1,0,0,1,1,0,0,1,0,0,1,39.74,TEST
16,3,3,10,2025,0,0,0,0,0,0,1,0,0,1,0,1,0,0,0,1,0,0,1,0,1,0,0,1,0,1,17.3,TEST
15,0,3,10,2025,1,0,0,0,0,1,0,0,0,0,1,0,0,1,0,1,0,1,0,1,0,0,0,1,0,0,-52.5,TEST
9,2,4,10,2025,0,0,0,0,0,0,1,0,0,1,1,0,0,0,0,1,0,0,1,1,0,0,1,0,0,1,32.6,TEST
15,2,4,10,2025,0,0,0,0,0,1,0,0,0,0,1,0,0,1,0,1,0,1,0,1,0,0,0,1,0,1,24.7,TEST
6,4,4,10,2025,0,1,0,0,0,0,1,0,0,1,1,0,1,0,0,1,0,0,1,1,0,0,1,0,0,1,9.0,TEST
16,4,4,10,2025,0,1,0,0,0,1,0,0,0,0,1,0,0,0,0,1,0,1,0,1,0,0,0,1,0,0,-73.6,TEST
16,2,5,10,2025,0,0,1,0,0,1,0,0,0,0,1,0,0,0,0,1,0,1,0,1,0,0,0,1,0,0,-59.09,TEST
6,1,1,11,2025,0,0,0,0,0,1,0,0,0,0,1,0,1,0,0,1,0,1,0,1,0,0,1,0,0,1,2.9,TEST
6,1,1,11,2025,0,0,0,0,0,1,0,0,0,0,1,0,1,0,0,1,0,1,0,1,0,0,1,0,0,0,-31.83,TEST
16,0,2,11,2025,1,0,0,0,0,0,1,0,0,1,1,0,0,0,0,1,0,0,1,1,0,0,0,1,0,1,35.9,TEST
9,2,2,11,2025,0,0,0,0,0,1,0,0,0,0,1,0,0,0,0,1,0,1,0,1,0,0,1,0,0,0,-40.06,TEST
13,4,2,11,2025,0,1,0,0,0,0,1,0,0,1,1,0,0,0,0,1,0,0,1,1,0,0,0,0,1,1,60.4,TEST
15,3,3,11,2025,0,0,0,0,0,0,1,0,0,1,1,0,0,1,0,1,0,0,1,1,0,0,0,1,0,0,-7.0,TEST
9,4,3,11,2025,0,1,0,0,0,0,1,0,0,1,1,0,0,0,0,1,0,0,1,1,0,0,1,0,0,1,30.9,TEST
13,4,3,11,2025,0,1,0,0,0,0,1,0,0,1,1,0,0,0,0,1,0,0,1,1,0,0,0,0,1,0,-73.9,TEST
13,2,4,11,2025,0,0,1,0,0,1,0,0,0,0,0,1,0,0,0,1,0,1,0,0,1,0,0,0,1,0,-49.45,TEST
15,2,4,11,2025,0,0,1,0,0,1,0,0,0,0,1,0,0,1,0,1,0,1,0,1,0,0,0,1,0,1,47.4,TEST
6,4,4,11,2025,0,1,1,0,0,1,0,0,0,0,1,0,1,0,0,1,0,1,0,1,0,0,1,0,0,0,-39.45,TEST
6,1,1,12,2025,0,0,0,0,0,1,0,0,0,0,1,0,1,0,0,1,0,1,0,1,0,0,1,0,0,1,20.7,TEST
8,3,1,12,2025,0,0,0,0,0,1,0,0,0,0,1,0,0,0,0,1,0,1,0,1,0,0,1,0,0,1,16.7,TEST
15,3,1,12,2025,0,0,0,0,0,0,1,0,0,1,1,0,0,1,0,1,0,0,1,1,0,0,0,1,0,1,25.4,TEST
15,3,2,12,2025,0,0,0,0,0,1,0,0,0,0,1,0,0,1,0,1,0,1,0,1,0,0,0,1,0,1,29.5,TEST
15,4,2,12,2025,0,1,0,0,0,1,0,0,0,0,1,0,0,1,0,1,0,1,0,1,0,0,0,1,0,1,15.7,TEST
15,1,3,12,2025,0,0,0,0,0,0,1,0,0,1,0,1,0,1,0,1,0,0,1,0,1,0,0,1,0,1,27.0,TEST
13,4,3,12,2025,0,1,0,0,0,0,1,0,0,1,1,0,0,0,0,1,0,0,1,1,0,0,0,0,1,0,-43.07,TEST
15,1,5,12,2025,0,0,1,0,0,0,1,0,0,1,1,0,0,1,0,1,0,0,1,1,0,0,0,1,0,1,41.8,TEST
16,2,5,12,2025,0,0,1,0,0,1,0,0,0,0,1,0,0,0,0,1,0,1,0,1,0,0,0,1,0,1,23.0,TEST
15,2,1,1,2026,0,0,0,0,0,1,0,0,0,0,1,0,0,1,0,1,0,1,0,1,0,0,0,1,0,0,-30.19,TEST
6,3,2,1,2026,0,0,0,0,0,1,0,0,0,0,1,0,1,0,0,1,0,1,0,1,0,0,1,0,0,0,-37.5,TEST
15,4,2,1,2026,0,1,0,0,0,1,0,0,0,0,0,1,0,1,0,1,0,1,0,0,1,0,0,1,0,0,-44.1,TEST
15,1,2,1,2026,0,0,0,0,0,0,1,0,0,1,1,0,0,1,0,1,0,0,1,1,0,0,0,1,0,1,32.0,TEST
13,3,3,1,2026,0,0,0,0,0,0,1,0,0,1,1,0,0,0,0,1,0,0,1,1,0,0,0,0,1,1,42.9,TEST
6,4,3,1,2026,0,1,0,0,0,1,0,0,0,0,1,0,1,0,0,1,0,1,0,1,0,0,1,0,0,1,19.7,TEST
15,4,3,1,2026,0,1,0,0,0,1,0,0,0,0,0,1,0,1,0,1,0,1,0,0,1,0,0,1,0,0,-27.99,TEST
16,2,4,1,2026,0,0,1,0,0,1,0,0,0,0,1,0,0,0,0,1,0,1,0,1,0,0,0,1,0,1,28.5,TEST
13,4,5,1,2026,0,1,1,0,0,1,0,0,0,0,1,0,0,0,0,1,0,1,0,1,0,0,0,0,1,0,-67.75,TEST
16,0,1,2,2026,1,0,0,0,0,1,0,0,0,0,0,1,0,0,0,1,0,1,0,0,1,0,0,1,0,0,-36.54,TEST
13,2,1,2,2026,0,0,0,0,0,0,1,0,0,1,1,0,0,0,0,1,0,0,1,1,0,0,0,0,1,1,31.5,TEST
13,0,2,2,2026,1,0,0,0,0,1,0,0,0,0,1,0,0,0,0,1,0,1,0,1,0,0,0,0,1,1,41.2,TEST
15,1,2,2,2026,0,0,0,0,0,1,0,0,0,0,1,0,0,1,0,1,0,1,0,1,0,0,0,1,0,1,21.8,TEST
15,2,2,2,2026,0,0,0,0,0,0,1,0,0,1,1,0,0,1,0,1,0,0,1,1,0,0,0,1,0,1,46.9,TEST
15,2,2,2,2026,0,0,0,0,0,0,1,0,0,1,1,0,0,1,0,1,0,0,1,1,0,0,0,1,0,1,70.5,TEST
15,3,3,2,2026,0,0,0,0,0,0,1,0,0,1,1,0,0,1,0,1,0,0,1,1,0,0,0,1,0,0,-77.13,TEST
16,4,2,11,2024,0,1,0,0,0,0,0,0,1,1,1,0,0,0,1,0,0,0,1,1,0,0,0,1,0,1,35.7,TRAIN
13,2,2,11,2024,0,0,0,0,0,0,0,0,1,1,1,0,0,0,1,0,0,0,1,1,0,0,0,0,1,0,-37.86,TRAIN
15,2,2,11,2024,0,0,0,0,0,0,0,0,1,1,0,1,0,0,1,0,0,0,1,0,1,0,0,0,1,1,22.2,TRAIN
16,2,2,11,2024,0,0,0,0,0,0,0,0,1,1,1,0,0,0,1,0,0,0,1,1,0,0,0,1,0,1,48.3,TRAIN
15,4,3,11,2024,0,1,0,0,0,0,0,0,1,1,1,0,0,0,1,0,0,0,1,1,0,0,0,0,1,1,15.7,TRAIN
16,4,3,11,2024,0,1,0,0,0,0,0,0,1,1,1,0,0,0,1,0,0,0,1,1,0,0,0,1,0,1,34.0,TRAIN
17,4,4,11,2024,0,1,0,0,0,0,0,1,0,1,0,1,0,0,1,0,0,1,0,0,1,0,0,1,0,1,7.3,TRAIN
14,0,4,11,2024,1,0,1,0,0,0,0,0,1,1,1,0,0,0,1,0,0,0,1,1,0,0,0,0,1,0,-42.39,TRAIN
6,1,4,11,2024,0,0,1,0,0,0,0,1,0,1,1,0,1,0,1,0,0,1,0,1,0,0,1,0,0,1,38.2,TRAIN
16,1,4,11,2024,0,0,1,0,0,0,0,0,1,1,1,0,0,0,1,0,0,0,1,1,0,0,0,1,0,1,21.2,TRAIN
6,2,4,11,2024,0,0,1,0,0,0,0,0,1,1,1,0,1,0,1,0,0,0,1,1,0,0,1,0,0,0,-34.49,TRAIN
14,4,5,11,2024,0,1,1,0,0,0,0,1,0,1,0,1,0,0,1,0,0,1,0,0,1,0,0,0,1,1,14.4,TRAIN
9,0,1,12,2024,1,0,0,0,0,0,0,0,1,1,0,1,0,0,1,0,0,0,1,0,1,0,1,0,0,1,9.8,TRAIN
9,1,1,12,2024,0,0,0,0,0,0,0,1,0,1,1,0,0,0,1,0,0,1,0,1,0,0,1,0,0,1,19.4,TRAIN
16,2,1,12,2024,0,0,0,0,0,0,0,1,0,1,0,1,0,0,1,0,0,1,0,0,1,0,0,1,0,1,28.37,TRAIN
16,3,1,12,2024,0,0,0,0,0,0,0,1,0,1,0,0,0,0,1,0,0,1,0,0,0,1,0,1,0,1,0.78,TRAIN
16,4,1,12,2024,0,1,0,0,0,0,0,1,0,1,0,1,0,0,1,0,0,1,0,0,1,0,0,0,1,0,-25.07,TRAIN
7,2,2,12,2024,0,0,0,0,0,0,0,0,1,1,1,0,1,0,1,0,0,0,1,1,0,0,1,0,0,0,-4.5,TRAIN
8,2,2,12,2024,0,0,0,0,0,0,0,0,1,1,1,0,0,0,1,0,0,0,1,1,0,0,1,0,0,1,31.63,TRAIN
15,3,2,12,2024,0,0,0,0,0,0,0,1,0,1,0,1,0,0,1,0,0,1,0,0,1,0,0,0,1,1,18.43,TRAIN
13,0,3,12,2024,1,0,0,0,0,0,0,0,1,1,1,0,0,0,1,0,0,0,1,1,0,0,0,0,1,1,61.31,TRAIN
8,4,3,12,2024,0,1,0,0,0,0,0,0,1,1,0,1,0,0,1,0,0,0,1,0,1,0,1,0,0,0,-30.07,TRAIN
13,1,4,12,2024,0,0,0,0,0,0,0,1,0,1,1,0,0,0,1,0,0,1,0,1,0,0,0,0,1,1,12.6,TRAIN
14,0,5,12,2024,1,0,1,0,0,0,0,1,0,1,1,0,0,0,1,0,0,1,0,1,0,0,0,0,1,0,-61.02,TRAIN
16,0,5,12,2024,1,0,1,0,0,0,0,0,1,1,1,0,0,0,1,0,0,0,1,1,0,0,0,1,0,1,33.8,TRAIN
17,4,1,1,2025,0,1,0,0,0,0,0,0,1,1,0,1,0,0,1,0,0,0,1,0,1,0,0,1,0,1,6.6,TRAIN
15,0,1,1,2025,1,0,0,0,0,0,0,0,1,1,0,1,0,0,1,0,0,0,1,0,1,0,0,0,1,1,11.6,TRAIN
17,0,1,1,2025,1,0,0,0,0,0,0,0,1,1,1,0,0,0,1,0,0,0,1,1,0,0,0,1,0,1,39.5,TRAIN
13,1,2,1,2025,0,0,0,0,0,0,0,0,1,1,1,0,0,0,1,0,0,0,1,1,0,0,0,0,1,0,-41.45,TRAIN
15,2,3,1,2025,0,0,0,0,0,0,0,1,0,1,1,0,0,0,1,0,0,1,0,1,0,0,0,0,1,0,-48.4,TRAIN
15,3,3,1,2025,0,0,0,0,0,0,0,1,0,1,0,1,0,0,1,0,0,1,0,0,1,0,0,0,1,1,19.82,TRAIN
6,4,3,1,2025,0,1,0,0,0,0,0,0,1,1,1,0,1,0,1,0,0,0,1,1,0,0,1,0,0,1,14.0,TRAIN
17,4,3,1,2025,0,1,0,0,0,0,0,1,0,1,1,0,0,0,1,0,0,1,0,1,0,0,0,1,0,1,46.8,TRAIN
16,0,3,1,2025,1,0,0,0,0,0,0,1,0,1,0,0,0,0,1,0,0,1,0,0,0,1,0,1,0,1,10.72,TRAIN
6,3,4,1,2025,0,0,0,0,0,0,0,1,0,1,1,0,1,0,1,0,0,1,0,1,0,0,1,0,0,0,-35.69,TRAIN
16,4,4,1,2025,0,1,0,0,0,0,0,0,1,1,1,0,0,0,1,0,0,0,1,1,0,0,0,1,0,1,39.9,TRAIN
16,3,5,1,2025,0,0,1,0,0,0,0,1,0,1,1,0,0,0,1,0,0,1,0,1,0,0,0,1,0,0,-58.68,TRAIN
15,3,1,2,2025,0,0,0,0,0,0,0,1,0,1,1,0,0,0,1,0,0,1,0,1,0,0,0,0,1,1,13.6,TRAIN
15,4,1,2,2025,0,1,0,0,0,0,0,0,1,1,0,1,0,0,1,0,0,0,1,0,1,0,0,0,1,1,27.3,TRAIN
14,0,2,2,2025,1,0,0,0,0,0,0,0,1,1,1,0,0,0,1,0,0,0,1,1,0,0,0,0,1,0,-47.37,TRAIN
15,3,2,2,2025,0,0,0,0,0,0,0,1,0,1,0,1,0,0,1,0,0,1,0,0,1,0,0,0,1,1,26.28,TRAIN
9,4,2,2,2025,0,1,0,0,0,0,0,1,0,1,1,0,0,0,1,0,0,1,0,1,0,0,1,0,0,1,21.5,TRAIN
13,2,3,2,2025,0,0,0,0,0,0,0,0,1,1,1,0,0,0,1,0,0,0,1,1,0,0,0,0,1,0,-59.42,TRAIN
17,4,3,2,2025,0,1,0,0,0,0,0,0,1,1,0,1,0,0,1,0,0,0,1,0,1,0,0,1,0,1,16.2,TRAIN
6,1,4,2,2025,0,0,1,0,0,0,0,1,0,1,1,0,1,0,1,0,0,1,0,1,0,0,1,0,0,1,19.0,TRAIN
15,3,4,2,2025,0,0,1,0,0,0,0,0,1,1,0,1,0,0,1,0,0,0,1,0,1,0,0,0,1,1,26.3,TRAIN
16,3,4,2,2025,0,0,1,0,0,0,0,0,1,1,1,0,0,0,1,0,0,0,1,1,0,0,0,0,1,1,34.8,TRAIN
9,1,1,3,2025,0,0,0,0,0,0,0,1,0,1,1,0,0,0,1,0,0,1,0,1,0,0,1,0,0,1,22.7,TRAIN
6,3,1,3,2025,0,0,0,0,0,0,0,0,1,1,1,0,1,0,1,0,0,0,1,1,0,0,1,0,0,0,-53.84,TRAIN
14,4,1,3,2025,0,1,0,0,0,0,0,0,1,1,1,0,0,0,1,0,0,0,1,1,0,0,0,0,1,1,18.1,TRAIN
6,0,2,3,2025,1,0,0,0,0,0,0,0,1,1,1,0,1,0,1,0,0,0,1,1,0,0,1,0,0,1,4.46,TRAIN
13,0,2,3,2025,1,0,0,0,0,0,0,1,0,1,1,0,0,0,1,0,0,1,0,1,0,0,0,0,1,1,44.8,TRAIN
15,2,2,3,2025,0,0,0,0,0,0,0,0,1,1,1,0,0,0,1,0,0,0,1,1,0,0,0,0,1,1,28.4,TRAIN
9,4,2,3,2025,0,1,0,0,0,0,0,1,0,1,0,1,0,0,1,0,0,1,0,0,1,0,1,0,0,1,12.1,TRAIN
16,4,2,3,2025,0,1,0,0,0,0,0,0,1,1,0,0,0,0,1,0,0,0,1,0,0,1,0,1,0,1,6.0,TRAIN
6,0,3,3,2025,1,0,0,0,0,0,0,0,1,1,0,1,1,0,1,0,0,0,1,0,1,0,1,0,0,0,-26.39,TRAIN
8,1,3,3,2025,0,0,0,0,0,0,0,1,0,1,1,0,0,0,1,0,0,1,0,1,0,0,1,0,0,1,7.08,TRAIN
6,3,3,3,2025,0,0,0,0,0,0,0,0,1,1,1,0,1,0,1,0,0,0,1,1,0,0,1,0,0,1,34.08,TRAIN
6,0,4,3,2025,1,0,0,0,0,0,0,0,1,1,1,0,1,0,1,0,0,0,1,1,0,0,1,0,0,1,18.7,TRAIN
16,0,4,3,2025,1,0,0,0,0,0,0,0,1,1,0,0,0,0,1,0,0,0,1,0,0,1,0,1,0,0,-5.2,TRAIN
6,1,4,3,2025,0,0,1,0,0,0,0,1,0,1,1,0,1,0,1,0,0,1,0,1,0,0,1,0,0,1,19.7,TRAIN
16,1,4,3,2025,0,0,1,0,0,0,0,0,1,1,1,0,0,0,1,0,0,0,1,1,0,0,0,0,1,1,6.3,TRAIN
16,1,4,3,2025,0,0,1,0,0,0,0,0,1,1,1,0,0,0,1,0,0,0,1,1,0,0,0,1,0,1,16.4,TRAIN
14,4,4,3,2025,0,1,1,0,0,0,0,1,0,1,0,1,0,0,1,0,0,1,0,0,1,0,0,0,1,1,8.4,TRAIN
15,4,4,3,2025,0,1,1,0,0,0,0,1,0,1,1,0,0,0,1,0,0,1,0,1,0,0,0,0,1,1,22.7,TRAIN
16,4,4,3,2025,0,1,1,0,0,0,0,1,0,1,1,0,0,0,1,0,0,1,0,1,0,0,0,1,0,1,38.3,TRAIN
8,4,1,4,2025,0,1,0,0,0,0,0,0,1,1,0,1,0,0,1,0,0,0,1,0,1,0,1,0,0,1,14.1,TRAIN
15,4,1,4,2025,0,1,0,0,0,0,0,0,1,1,0,1,0,0,1,0,0,0,1,0,1,0,0,0,1,1,28.2,TRAIN
16,1,2,4,2025,0,0,0,0,0,0,0,1,0,1,1,0,0,0,1,0,0,1,0,1,0,0,0,1,0,0,-65.42,TRAIN
8,2,2,4,2025,0,0,0,0,0,0,0,0,1,1,0,1,0,0,1,0,0,0,1,0,1,0,1,0,0,0,-34.57,TRAIN
16,3,3,4,2025,0,0,0,0,0,0,0,1,0,1,1,0,0,0,1,0,0,1,0,1,0,0,0,0,1,1,22.7,TRAIN
16,4,3,4,2025,0,1,0,0,0,0,0,1,0,1,0,0,0,0,1,0,0,1,0,0,0,1,0,1,0,1,8.0,TRAIN
6,1,4,4,2025,0,0,0,0,0,0,0,1,0,1,1,0,1,0,1,0,0,1,0,1,0,0,1,0,0,0,-75.66,TRAIN
16,4,4,4,2025,0,1,1,0,0,0,0,1,0,1,0,0,0,0,1,0,0,1,0,0,0,1,0,1,0,0,-8.8,TRAIN
15,1,5,4,2025,0,0,1,0,0,0,0,1,0,1,0,1,0,0,1,0,0,1,0,0,1,0,0,0,1,1,13.0,TRAIN
15,1,5,4,2025,0,0,1,0,0,0,0,1,0,1,1,0,0,0,1,0,0,1,0,1,0,0,0,0,1,0,-60.54,TRAIN
13,3,1,5,2025,0,0,0,0,0,0,0,1,0,1,1,0,0,0,1,0,0,1,0,1,0,0,0,0,1,1,39.7,TRAIN
16,0,1,5,2025,1,0,0,0,0,0,0,1,0,1,0,0,0,0,1,0,0,1,0,0,0,1,0,1,0,0,-6.7,TRAIN
9,3,2,5,2025,0,0,0,0,0,0,0,0,1,1,1,0,0,0,1,0,0,0,1,1,0,0,1,0,0,1,47.4,TRAIN
8,4,2,5,2025,0,1,0,0,0,0,0,1,0,1,1,0,0,0,1,0,0,1,0,1,0,0,1,0,0,1,3.8,TRAIN
9,4,2,5,2025,0,1,0,0,0,0,0,1,0,1,1,0,0,0,1,0,0,1,0,1,0,0,1,0,0,1,46.0,TRAIN
13,1,2,5,2025,0,0,0,0,0,0,0,0,1,1,1,0,0,0,1,0,0,0,1,1,0,0,0,0,1,0,-41.95,TRAIN
9,2,2,5,2025,0,0,0,0,0,0,0,0,1,1,1,0,0,0,1,0,0,0,1,1,0,0,1,0,0,0,-37.3,TRAIN
15,3,3,5,2025,0,0,0,0,0,0,0,0,1,1,0,1,0,0,1,0,0,0,1,0,1,0,0,0,1,1,2.2,TRAIN
16,3,3,5,2025,0,0,0,0,0,0,0,1,0,1,1,0,0,0,1,0,0,1,0,1,0,0,0,1,0,0,-63.96,TRAIN
6,1,3,5,2025,0,0,0,0,0,0,0,1,0,1,1,0,1,0,1,0,0,1,0,1,0,0,1,0,0,1,26.3,TRAIN
8,4,4,5,2025,0,1,0,0,0,0,0,0,1,1,0,1,0,0,1,0,0,0,1,0,1,0,1,0,0,0,-23.62,TRAIN
14,4,4,5,2025,0,1,0,0,0,0,0,0,1,1,0,1,0,0,1,0,0,0,1,0,1,0,0,0,1,1,13.0,TRAIN
15,4,4,5,2025,0,1,0,0,0,0,0,0,1,1,1,0,0,0,1,0,0,0,1,1,0,0,0,0,1,0,-65.05,TRAIN
7,1,4,5,2025,0,0,1,0,0,0,0,0,1,1,1,0,1,0,1,0,0,0,1,1,0,0,1,0,0,1,33.8,TRAIN
6,4,5,5,2025,0,1,1,0,0,0,0,0,1,1,1,0,1,0,1,0,0,0,1,1,0,0,1,0,0,1,24.5,TRAIN
16,4,5,5,2025,0,1,1,0,0,0,0,0,1,1,1,0,0,0,1,0,0,0,1,1,0,0,0,1,0,0,-58.52,TRAIN
14,0,1,6,2025,1,0,0,0,0,0,0,0,1,1,1,0,0,0,1,0,0,0,1,1,0,0,0,0,1,1,20.6,TRAIN
7,2,1,6,2025,0,0,0,0,0,0,0,0,1,1,1,0,1,0,1,0,0,0,1,1,0,0,1,0,0,1,6.58,TRAIN
8,2,1,6,2025,0,0,0,0,0,0,0,0,1,1,1,0,0,0,1,0,0,0,1,1,0,0,1,0,0,0,-45.58,TRAIN
6,3,1,6,2025,0,0,0,0,0,0,0,0,1,1,1,0,1,0,1,0,0,0,1,1,0,0,1,0,0,0,-43.67,TRAIN
15,4,1,6,2025,0,1,0,0,0,0,0,0,1,1,0,1,0,0,1,0,0,0,1,0,1,0,0,0,1,1,22.6,TRAIN
14,0,2,6,2025,1,0,0,0,0,0,0,0,1,1,1,0,0,0,1,0,0,0,1,1,0,0,0,0,1,1,32.7,TRAIN
13,1,2,6,2025,0,0,0,0,0,0,0,1,0,1,1,0,0,0,1,0,0,1,0,1,0,0,0,0,1,1,52.5,TRAIN
13,3,2,6,2025,0,0,0,0,0,0,0,1,0,1,1,0,0,0,1,0,0,1,0,1,0,0,0,0,1,0,-98.91,TRAIN
17,2,3,6,2025,0,0,0,0,0,0,0,1,0,1,0,1,0,0,1,0,0,1,0,0,1,0,0,1,0,0,-37.9,TRAIN
15,3,4,6,2025,0,0,1,0,0,0,0,1,0,1,0,1,0,0,1,0,0,1,0,0,1,0,0,0,1,1,28.0,TRAIN
9,4,4,6,2025,0,1,1,0,0,0,0,0,1,1,1,0,0,0,1,0,0,0,1,1,0,0,1,0,0,0,-44.12,TRAIN
15,2,1,7,2025,0,0,0,0,0,0,0,1,0,1,1,0,0,0,1,0,0,1,0,1,0,0,0,0,1,1,11.8,TRAIN
7,3,1,7,2025,0,0,0,0,0,0,0,0,1,1,1,0,1,0,1,0,0,0,1,1,0,0,1,0,0,0,-4.4,TRAIN
6,0,1,7,2025,1,0,0,0,0,0,0,0,1,1,1,0,1,0,1,0,0,0,1,1,0,0,1,0,0,1,17.0,TRAIN
13,1,2,7,2025,0,0,0,0,0,0,0,0,1,1,1,0,0,0,1,0,0,0,1,1,0,0,0,0,1,1,23.3,TRAIN
16,1,2,7,2025,0,0,0,0,0,0,0,0,1,1,0,0,0,0,1,0,0,0,1,0,0,1,0,1,0,0,-3.0,TRAIN
16,4,2,7,2025,0,1,0,0,0,0,0,0,1,1,0,1,0,0,1,0,0,0,1,0,1,0,0,1,0,1,20.8,TRAIN
16,0,2,7,2025,1,0,0,0,0,0,0,0,1,1,1,0,0,0,1,0,0,0,1,1,0,0,0,0,1,1,16.5,TRAIN
14,1,3,7,2025,0,0,0,0,0,0,0,0,1,1,1,0,0,0,1,0,0,0,1,1,0,0,0,0,1,1,29.1,TRAIN
16,4,3,7,2025,0,1,0,0,0,0,0,1,0,1,0,0,0,0,1,0,0,1,0,0,0,1,0,1,0,0,-5.5,TRAIN
15,1,4,7,2025,0,0,0,0,0,0,0,0,1,1,1,0,0,0,1,0,0,0,1,1,0,0,0,0,1,1,4.24,TRAIN
16,3,4,7,2025,0,0,0,0,0,0,0,1,0,1,0,1,0,0,1,0,0,1,0,0,1,0,0,0,1,1,14.0,TRAIN
16,3,4,7,2025,0,0,0,0,0,0,0,1,0,1,1,0,0,0,1,0,0,1,0,1,0,0,0,1,0,0,-64.06,TRAIN
17,4,4,7,2025,0,1,1,0,0,0,0,1,0,1,1,0,0,0,1,0,0,1,0,1,0,0,0,1,0,1,26.7,TRAIN
7,0,4,7,2025,1,0,1,0,0,0,0,0,1,1,1,0,1,0,1,0,0,0,1,1,0,0,1,0,0,1,35.8,TRAIN
6,1,5,7,2025,0,0,1,0,0,0,0,1,0,1,1,0,1,0,1,0,0,1,0,1,0,0,1,0,0,0,-31.67,TRAIN
16,1,5,7,2025,0,0,1,0,0,0,0,0,1,1,0,0,0,0,1,0,0,0,1,0,0,1,0,1,0,1,3.14,TRAIN
13,4,1,8,2025,0,1,0,0,0,0,0,0,1,1,1,0,0,0,1,0,0,0,1,1,0,0,0,0,1,0,-48.97,TRAIN
17,1,1,8,2025,0,0,0,0,0,0,0,0,1,1,0,1,0,0,1,0,0,0,1,0,1,0,0,1,0,0,-28.86,TRAIN
6,2,1,8,2025,0,0,0,0,0,0,0,1,0,1,1,0,1,0,1,0,0,1,0,1,0,0,1,0,0,1,22.6,TRAIN
14,3,1,8,2025,0,0,0,0,0,0,0,0,1,1,1,0,0,0,1,0,0,0,1,1,0,0,0,0,1,0,-14.7,TRAIN
15,1,2,8,2025,0,0,0,0,0,0,0,1,0,1,1,0,0,0,1,0,0,1,0,1,0,0,0,0,1,1,28.6,TRAIN
6,3,2,8,2025,0,0,0,0,0,0,0,0,1,1,1,0,1,0,1,0,0,0,1,1,0,0,1,0,0,0,-3.9,TRAIN
6,3,2,8,2025,0,0,0,0,0,0,0,0,1,1,1,0,1,0,1,0,0,0,1,1,0,0,1,0,0,1,12.8,TRAIN
15,4,3,8,2025,0,1,0,0,0,0,0,1,0,1,0,1,0,0,1,0,0,1,0,0,1,0,0,0,1,1,16.5,TRAIN
9,2,3,8,2025,0,0,0,0,0,0,0,0,1,1,0,1,0,0,1,0,0,0,1,0,1,0,1,0,0,0,-27.84,TRAIN
13,3,4,8,2025,0,0,1,0,0,0,0,1,0,1,1,0,0,0,1,0,0,1,0,1,0,0,0,0,1,1,32.5,TRAIN
6,1,1,9,2025,0,0,0,0,0,0,0,0,1,1,1,0,1,0,1,0,0,0,1,1,0,0,1,0,0,1,29.4,TEST
16,1,1,9,2025,0,0,0,0,0,0,0,1,0,1,1,0,0,0,1,0,0,1,0,1,0,0,0,1,0,1,29.1,TEST
16,4,1,9,2025,0,1,0,0,0,0,0,1,0,1,0,0,0,0,1,0,0,1,0,0,0,1,0,1,0,1,23.28,TEST
7,2,2,9,2025,0,0,0,0,0,0,0,1,0,1,1,0,1,0,1,0,0,1,0,1,0,0,1,0,0,0,-44.68,TEST
15,3,2,9,2025,0,0,0,0,0,0,0,1,0,1,0,1,0,0,1,0,0,1,0,0,1,0,0,0,1,1,23.1,TEST
16,3,2,9,2025,0,0,0,0,0,0,0,1,0,1,1,0,0,0,1,0,0,1,0,1,0,0,0,1,0,1,39.9,TEST
6,1,3,9,2025,0,0,0,0,0,0,0,1,0,1,1,0,1,0,1,0,0,1,0,1,0,0,1,0,0,1,20.7,TEST
16,0,4,9,2025,1,0,0,0,0,0,0,0,1,1,1,0,0,0,1,0,0,0,1,1,0,0,0,1,0,0,-34.47,TEST
16,1,4,9,2025,0,0,0,0,0,0,0,1,0,1,0,1,0,0,1,0,0,1,0,0,1,0,0,1,0,1,9.32,TEST
8,3,4,9,2025,0,0,1,0,0,0,0,0,1,1,1,0,0,0,1,0,0,0,1,1,0,0,1,0,0,1,38.66,TEST
16,4,4,9,2025,0,1,1,0,0,0,0,1,0,1,1,0,0,0,1,0,0,1,0,1,0,0,0,1,0,1,22.2,TEST
15,2,1,10,2025,0,0,0,0,0,0,0,0,1,1,0,1,0,0,1,0,0,0,1,0,1,0,0,0,1,1,20.9,TEST
16,3,1,10,2025,0,0,0,0,0,0,0,0,1,1,1,0,0,0,1,0,0,0,1,1,0,0,0,1,0,1,29.4,TEST
16,1,1,10,2025,0,0,0,0,0,0,0,0,1,1,0,0,0,0,1,0,0,0,1,0,0,1,0,1,0,1,1.1,TEST
13,2,2,10,2025,0,0,0,0,0,0,0,1,0,1,1,0,0,0,1,0,0,1,0,1,0,0,0,0,1,0,-46.81,TEST
16,4,2,10,2025,0,1,0,0,0,0,0,0,1,1,0,0,0,0,1,0,0,0,1,0,0,1,0,1,0,0,-7.6,TEST
9,2,3,10,2025,0,0,0,0,0,0,0,0,1,1,1,0,0,0,1,0,0,0,1,1,0,0,1,0,0,1,10.5,TEST
6,4,4,10,2025,0,1,0,0,0,0,0,0,1,1,1,0,1,0,1,0,0,0,1,1,0,0,1,0,0,0,-36.74,TEST
16,4,4,10,2025,0,1,0,0,0,0,0,1,0,1,0,0,0,0,1,0,0,1,0,0,0,1,0,1,0,1,11.8,TEST
13,0,4,10,2025,1,0,1,0,0,0,0,1,0,1,1,0,0,0,1,0,0,1,0,1,0,0,0,0,1,1,18.8,TEST
16,1,4,10,2025,0,0,1,0,0,0,0,1,0,1,1,0,0,0,1,0,0,1,0,1,0,0,0,1,0,0,-57.85,TEST
17,0,1,11,2025,1,0,0,0,0,0,0,1,0,1,1,0,0,0,1,0,0,1,0,1,0,0,0,1,0,0,-38.31,TEST
14,1,1,11,2025,0,0,0,0,0,0,0,0,1,1,1,0,0,0,1,0,0,0,1,1,0,0,0,0,1,0,-74.07,TEST
9,2,2,11,2025,0,0,0,0,0,0,0,1,0,1,1,0,0,0,1,0,0,1,0,1,0,0,1,0,0,1,28.9,TEST
16,0,3,11,2025,1,0,0,0,0,0,0,0,1,1,0,0,0,0,1,0,0,0,1,0,0,1,0,1,0,1,2.9,TEST
13,1,3,11,2025,0,0,0,0,0,0,0,0,1,1,1,0,0,0,1,0,0,0,1,1,0,0,0,0,1,1,26.8,TEST
15,3,3,11,2025,0,0,0,0,0,0,0,1,0,1,0,1,0,0,1,0,0,1,0,0,1,0,0,0,1,1,18.5,TEST
16,3,3,11,2025,0,0,0,0,0,0,0,1,0,1,1,0,0,0,1,0,0,1,0,1,0,0,0,1,0,1,36.0,TEST
16,2,4,11,2025,0,0,1,0,0,0,0,1,0,1,1,0,0,0,1,0,0,1,0,1,0,0,0,1,0,1,27.2,TEST
15,3,4,11,2025,0,0,1,0,0,0,0,1,0,1,1,0,0,0,1,0,0,1,0,1,0,0,0,0,1,0,-33.76,TEST
15,1,1,12,2025,0,0,0,0,0,0,0,1,0,1,1,0,0,0,1,0,0,1,0,1,0,0,0,0,1,1,23.5,TEST
6,4,1,12,2025,0,1,0,0,0,0,0,1,0,1,1,0,1,0,1,0,0,1,0,1,0,0,1,0,0,1,13.8,TEST
16,0,2,12,2025,1,0,0,0,0,0,0,1,0,1,1,0,0,0,1,0,0,1,0,1,0,0,0,0,1,0,-29.79,TEST
8,1,2,12,2025,0,0,0,0,0,0,0,0,1,1,1,0,0,0,1,0,0,0,1,1,0,0,1,0,0,1,23.6,TEST
7,3,2,12,2025,0,0,0,0,0,0,0,0,1,1,1,0,1,0,1,0,0,0,1,1,0,0,1,0,0,0,-41.91,TEST
16,4,2,12,2025,0,1,0,0,0,0,0,1,0,1,1,0,0,0,1,0,0,1,0,1,0,0,0,1,0,1,18.6,TEST
15,1,3,12,2025,0,0,0,0,0,0,0,0,1,1,0,1,0,0,1,0,0,0,1,0,1,0,0,0,1,1,23.5,TEST
16,3,3,12,2025,0,0,0,0,0,0,0,1,0,1,1,0,0,0,1,0,0,1,0,1,0,0,0,1,0,1,26.4,TEST
16,4,4,12,2025,0,1,1,0,0,0,0,1,0,1,0,0,0,0,1,0,0,1,0,0,0,1,0,1,0,0,-5.3,TEST
16,4,4,12,2025,0,1,1,0,0,0,0,1,0,1,0,0,0,0,1,0,0,1,0,0,0,1,0,1,0,1,7.2,TEST
14,0,5,12,2025,1,0,1,0,0,0,0,0,1,1,1,0,0,0,1,0,0,0,1,1,0,0,0,0,1,1,25.7,TEST
16,1,1,1,2026,0,0,0,0,0,0,0,1,0,1,1,0,0,0,1,0,0,1,0,1,0,0,0,1,0,0,-35.29,TEST
13,2,1,1,2026,0,0,0,0,0,0,0,1,0,1,1,0,0,0,1,0,0,1,0,1,0,0,0,0,1,0,-36.74,TEST
15,4,2,1,2026,0,1,0,0,0,0,0,1,0,1,0,1,0,0,1,0,0,1,0,0,1,0,0,0,1,0,-29.1,TEST
15,1,2,1,2026,0,0,0,0,0,0,0,1,0,1,0,1,0,0,1,0,0,1,0,0,1,0,0,0,1,0,-26.55,TEST
6,2,2,1,2026,0,0,0,0,0,0,0,1,0,1,1,0,1,0,1,0,0,1,0,1,0,0,1,0,0,1,11.0,TEST
13,3,3,1,2026,0,0,0,0,0,0,0,1,0,1,1,0,0,0,1,0,0,1,0,1,0,0,0,0,1,0,-30.55,TEST
16,1,3,1,2026,0,0,0,0,0,0,0,0,1,1,1,0,0,0,1,0,0,0,1,1,0,0,0,1,0,1,38.5,TEST
16,0,4,1,2026,1,0,1,0,0,0,0,1,0,1,1,0,0,0,1,0,0,1,0,1,0,0,0,1,0,1,26.4,TEST
7,1,4,1,2026,0,0,1,0,0,0,0,0,1,1,1,0,1,0,1,0,0,0,1,1,0,0,1,0,0,1,24.3,TEST
13,1,4,1,2026,0,0,1,0,0,0,0,1,0,1,1,0,0,0,1,0,0,1,0,1,0,0,0,0,1,1,29.7,TEST
14,1,4,1,2026,0,0,1,0,0,0,0,1,0,1,1,0,0,0,1,0,0,1,0,1,0,0,0,0,1,1,47.1,TEST
8,2,4,1,2026,0,0,1,0,0,0,0,1,0,1,1,0,0,0,1,0,0,1,0,1,0,0,1,0,0,1,19.9,TEST
17,3,5,1,2026,0,0,1,0,0,0,0,0,1,1,0,1,0,0,1,0,0,0,1,0,1,0,0,1,0,1,29.56,TEST
16,1,1,2,2026,0,0,0,0,0,0,0,0,1,1,0,0,0,0,1,0,0,0,1,0,0,1,0,1,0,0,-11.5,TEST
16,2,1,2,2026,0,0,0,0,0,0,0,0,1,1,0,0,0,0,1,0,0,0,1,0,0,1,0,1,0,1,7.2,TEST
13,3,1,2,2026,0,0,0,0,0,0,0,1,0,1,1,0,0,0,1,0,0,1,0,1,0,0,0,0,1,0,-6.8,TEST
14,3,1,2,2026,0,0,0,0,0,0,0,1,0,1,1,0,0,0,1,0,0,1,0,1,0,0,0,0,1,1,17.8,TEST
6,4,1,2,2026,0,1,0,0,0,0,0,1,0,1,1,0,1,0,1,0,0,1,0,1,0,0,1,0,0,1,22.2,TEST
15,1,2,2,2026,0,0,0,0,0,0,0,1,0,1,1,0,0,0,1,0,0,1,0,1,0,0,0,0,1,1,21.0,TEST
16,1,2,2,2026,0,0,0,0,0,0,0,1,0,1,1,0,0,0,1,0,0,1,0,1,0,0,0,1,0,0,-50.68,TEST
15,2,2,2,2026,0,0,0,0,0,0,0,0,1,1,1,0,0,0,1,0,0,0,1,1,0,0,0,0,1,1,39.7,TEST
15,1,3,2,2026,0,0,0,0,0,0,0,0,1,1,1,0,0,0,1,0,0,0,1,1,0,0,0,0,1,1,21.0,TEST
15,3,3,2,2026,0,0,0,0,0,0,0,1,0,1,0,1,0,0,1,0,0,1,0,0,1,0,0,0,1,0,-2.4,TEST
9,4,3,2,2026,0,1,0,0,0,0,0,1,0,1,1,0,0,0,1,0,0,1,0,1,0,0,1,0,0,1,2.9,TEST
15,4,3,2,2026,0,1,0,0,0,0,0,1,0,1,0,1,0,0,1,0,0,1,0,0,1,0,0,0,1,1,24.07,TEST
13,2,4,2,2026,0,0,1,0,0,0,0,0,1,1,1,0,0,0,1,0,0,0,1,1,0,0,0,0,1,0,0.0,TEST
16,1,2,11,2024,0,0,0,0,1,0,0,0,0,0,0,1,0,0,0,0,1,0,1,0,1,0,0,1,0,1,7.18,TRAIN
14,2,2,11,2024,0,0,0,0,1,0,0,0,0,0,1,0,0,0,0,0,1,0,1,1,0,0,0,0,1,1,31.6,TRAIN
17,2,2,11,2024,0,0,0,1,0,0,0,0,0,1,1,0,0,0,0,0,1,1,0,1,0,0,0,1,0,1,47.6,TRAIN
15,3,2,11,2024,0,0,0,1,0,0,0,0,0,1,0,1,0,0,0,0,1,1,0,0,1,0,0,0,1,0,-48.68,TRAIN
6,4,3,11,2024,0,1,0,0,1,0,0,0,0,0,1,0,1,0,0,0,1,0,1,1,0,0,1,0,0,0,-9.4,TRAIN
15,4,3,11,2024,0,1,0,1,0,0,0,0,0,1,0,1,0,0,0,0,1,1,0,0,1,0,0,0,1,0,-47.1,TRAIN
16,4,3,11,2024,0,1,0,1,0,0,0,0,0,1,0,1,0,0,0,0,1,1,0,0,1,0,0,1,0,1,28.9,TRAIN
16,4,3,11,2024,0,1,0,0,1,0,0,0,0,0,0,1,0,0,0,0,1,0,1,0,1,0,0,1,0,1,16.3,TRAIN
15,2,3,11,2024,0,0,0,0,1,0,0,0,0,0,1,0,0,0,0,0,1,0,1,1,0,0,0,0,1,1,46.49,TRAIN
16,2,4,11,2024,0,0,1,1,0,0,0,0,0,1,0,1,0,0,0,0,1,1,0,0,1,0,0,1,0,1,29.4,TRAIN
15,3,4,11,2024,0,0,1,0,1,0,0,0,0,0,1,0,0,0,0,0,1,0,1,1,0,0,0,0,1,1,26.3,TRAIN
16,1,1,12,2024,0,0,0,0,1,0,0,0,0,0,0,0,0,0,0,0,1,0,1,0,0,1,0,1,0,1,21.15,TRAIN
6,2,1,12,2024,0,0,0,0,1,0,0,0,0,0,0,1,1,0,0,0,1,0,1,0,1,0,1,0,0,0,-38.12,TRAIN
16,3,1,12,2024,0,0,0,0,1,0,0,0,0,0,0,1,0,0,0,0,1,0,1,0,1,0,0,0,1,1,11.4,TRAIN
8,1,2,12,2024,0,0,0,1,0,0,0,0,0,1,1,0,0,0,0,0,1,1,0,1,0,0,1,0,0,1,48.6,TRAIN
9,2,2,12,2024,0,0,0,0,1,0,0,0,0,0,0,1,0,0,0,0,1,0,1,0,1,0,1,0,0,1,16.16,TRAIN
15,2,2,12,2024,0,0,0,0,1,0,0,0,0,0,0,1,0,0,0,0,1,0,1,0,1,0,0,0,1,0,-90.88,TRAIN
9,4,2,12,2024,0,1,0,1,0,0,0,0,0,1,0,1,0,0,0,0,1,1,0,0,1,0,1,0,0,1,26.6,TRAIN
16,4,2,12,2024,0,1,0,0,1,0,0,0,0,0,0,0,0,0,0,0,1,0,1,0,0,1,0,1,0,0,-6.6,TRAIN
16,0,3,12,2024,1,0,0,1,0,0,0,0,0,1,0,0,0,0,0,0,1,1,0,0,0,1,0,1,0,1,13.44,TRAIN
17,0,3,12,2024,1,0,0,1,0,0,0,0,0,1,0,0,0,0,0,0,1,1,0,0,0,1,0,1,0,1,11.66,TRAIN
15,1,3,12,2024,0,0,0,1,0,0,0,0,0,1,1,0,0,0,0,0,1,1,0,1,0,0,0,0,1,0,-53.24,TRAIN
15,3,3,12,2024,0,0,0,1,0,0,0,0,0,1,0,1,0,0,0,0,1,1,0,0,1,0,0,0,1,1,26.1,TRAIN
13,1,5,12,2024,0,0,1,1,0,0,0,0,0,1,1,0,0,0,0,0,1,1,0,1,0,0,0,0,1,1,61.4,TRAIN
13,3,1,1,2025,0,0,0,1,0,0,0,0,0,1,1,0,0,0,0,0,1,1,0,1,0,0,0,0,1,1,52.0,TRAIN
17,4,1,1,2025,0,1,0,1,0,0,0,0,0,1,1,0,0,0,0,0,1,1,0,1,0,0,0,1,0,1,32.7,TRAIN
16,0,1,1,2025,1,0,0,0,1,0,0,0,0,0,1,0,0,0,0,0,1,0,1,1,0,0,0,0,1,0,-148.29,TRAIN
13,4,2,1,2025,0,1,0,0,1,0,0,0,0,0,1,0,0,0,0,0,1,0,1,1,0,0,0,0,1,0,-64.39,TRAIN
16,4,2,1,2025,0,1,0,1,0,0,0,0,0,1,0,0,0,0,0,0,1,1,0,0,0,1,0,1,0,0,-14.8,TRAIN
15,0,2,1,2025,1,0,0,1,0,0,0,0,0,1,0,1,0,0,0,0,1,1,0,0,1,0,0,0,1,1,22.5,TRAIN
16,1,2,1,2025,0,0,0,0,1,0,0,0,0,0,1,0,0,0,0,0,1,0,1,1,0,0,0,1,0,1,43.1,TRAIN
15,3,3,1,2025,0,0,0,0,1,0,0,0,0,0,0,1,0,0,0,0,1,0,1,0,1,0,0,0,1,1,39.7,TRAIN
9,0,3,1,2025,1,0,0,1,0,0,0,0,0,1,1,0,0,0,0,0,1,1,0,1,0,0,1,0,0,0,-84.94,TRAIN
16,1,3,1,2025,0,0,0,1,0,0,0,0,0,1,0,1,0,0,0,0,1,1,0,0,1,0,0,1,0,0,-23.4,TRAIN
6,3,4,1,2025,0,0,0,1,0,0,0,0,0,1,1,0,1,0,0,0,1,1,0,1,0,0,1,0,0,0,-58.35,TRAIN
7,4,4,1,2025,0,1,0,0,1,0,0,0,0,0,1,0,1,0,0,0,1,0,1,1,0,0,1,0,0,1,90.9,TRAIN
13,0,4,1,2025,1,0,1,1,0,0,0,0,0,1,0,1,0,0,0,0,1,1,0,0,1,0,0,0,1,1,16.2,TRAIN
8,3,5,1,2025,0,0,1,0,1,0,0,0,0,0,0,1,0,0,0,0,1,0,1,0,1,0,1,0,0,1,13.22,TRAIN
6,4,5,1,2025,0,1,1,1,0,0,0,0,0,1,1,0,1,0,0,0,1,1,0,1,0,0,1,0,0,1,39.1,TRAIN
7,4,5,1,2025,0,1,1,1,0,0,0,0,0,1,1,0,1,0,0,0,1,1,0,1,0,0,1,0,0,1,68.9,TRAIN
15,3,1,2,2025,0,0,0,0,1,0,0,0,0,0,1,0,0,0,0,0,1,0,1,1,0,0,0,0,1,1,34.1,TRAIN
15,4,1,2,2025,0,1,0,0,1,0,0,0,0,0,0,1,0,0,0,0,1,0,1,0,1,0,0,0,1,1,35.1,TRAIN
15,2,2,2,2025,0,0,0,1,0,0,0,0,0,1,0,1,0,0,0,0,1,1,0,0,1,0,0,0,1,0,-122.22,TRAIN
14,1,3,2,2025,0,0,0,1,0,0,0,0,0,1,1,0,0,0,0,0,1,1,0,1,0,0,0,0,1,1,20.7,TRAIN
14,2,3,2,2025,0,0,0,1,0,0,0,0,0,1,1,0,0,0,0,0,1,1,0,1,0,0,0,0,1,0,-60.11,TRAIN
16,0,4,2,2025,1,0,0,0,1,0,0,0,0,0,1,0,0,0,0,0,1,0,1,1,0,0,0,1,0,0,-69.67,TRAIN
6,2,4,2,2025,0,0,1,1,0,0,0,0,0,1,1,0,1,0,0,0,1,1,0,1,0,0,1,0,0,1,59.7,TRAIN
15,2,1,3,2025,0,0,0,0,1,0,0,0,0,0,0,1,0,0,0,0,1,0,1,0,1,0,0,0,1,1,29.8,TRAIN
17,2,1,3,2025,0,0,0,1,0,0,0,0,0,1,0,1,0,0,0,0,1,1,0,0,1,0,0,1,0,1,27.7,TRAIN
16,3,1,3,2025,0,0,0,1,0,0,0,0,0,1,0,1,0,0,0,0,1,1,0,0,1,0,0,0,1,1,20.24,TRAIN
14,4,1,3,2025,0,1,0,1,0,0,0,0,0,1,1,0,0,0,0,0,1,1,0,1,0,0,0,0,1,0,-12.2,TRAIN
15,4,1,3,2025,0,1,0,1,0,0,0,0,0,1,1,0,0,0,0,0,1,1,0,1,0,0,0,0,1,1,38.3,TRAIN
6,1,2,3,2025,0,0,0,1,0,0,0,0,0,1,1,0,1,0,0,0,1,1,0,1,0,0,1,0,0,1,41.3,TRAIN
16,1,2,3,2025,0,0,0,0,1,0,0,0,0,0,0,1,0,0,0,0,1,0,1,0,1,0,0,0,1,1,31.4,TRAIN
14,2,2,3,2025,0,0,0,1,0,0,0,0,0,1,0,1,0,0,0,0,1,1,0,0,1,0,0,0,1,0,-83.21,TRAIN
14,4,2,3,2025,0,1,0,1,0,0,0,0,0,1,0,1,0,0,0,0,1,1,0,0,1,0,0,0,1,1,7.52,TRAIN
8,0,3,3,2025,1,0,0,0,1,0,0,0,0,0,0,1,0,0,0,0,1,0,1,0,1,0,1,0,0,1,12.62,TRAIN
14,0,3,3,2025,1,0,0,1,0,0,0,0,0,1,0,1,0,0,0,0,1,1,0,0,1,0,0,0,1,1,41.6,TRAIN
6,1,3,3,2025,0,0,0,0,1,0,0,0,0,0,0,1,1,0,0,0,1,0,1,0,1,0,1,0,0,0,-32.27,TRAIN
8,2,3,3,2025,0,0,0,0,1,0,0,0,0,0,0,1,0,0,0,0,1,0,1,0,1,0,1,0,0,1,10.9,TRAIN
9,4,3,3,2025,0,1,0,0,1,0,0,0,0,0,0,1,0,0,0,0,1,0,1,0,1,0,1,0,0,1,27.9,TRAIN
15,0,4,3,2025,1,0,0,1,0,0,0,0,0,1,1,0,0,0,0,0,1,1,0,1,0,0,0,0,1,1,53.5,TRAIN
8,3,4,3,2025,0,0,1,1,0,0,0,0,0,1,1,0,0,0,0,0,1,1,0,1,0,0,1,0,0,1,46.2,TRAIN
14,4,4,3,2025,0,1,1,0,1,0,0,0,0,0,0,1,0,0,0,0,1,0,1,0,1,0,0,0,1,1,20.9,TRAIN
8,1,1,4,2025,0,0,0,1,0,0,0,0,0,1,1,0,0,0,0,0,1,1,0,1,0,0,1,0,0,0,-58.3,TRAIN
14,4,1,4,2025,0,1,0,0,1,0,0,0,0,0,1,0,0,0,0,0,1,0,1,1,0,0,0,0,1,0,-144.11,TRAIN
13,0,1,4,2025,1,0,0,0,1,0,0,0,0,0,0,1,0,0,0,0,1,0,1,0,1,0,0,0,1,0,-53.06,TRAIN
16,0,1,4,2025,1,0,0,0,1,0,0,0,0,0,0,1,0,0,0,0,1,0,1,0,1,0,0,0,1,0,-46.1,TRAIN
16,1,2,4,2025,0,0,0,1,0,0,0,0,0,1,0,1,0,0,0,0,1,1,0,0,1,0,0,0,1,1,36.66,TRAIN
16,4,2,4,2025,0,1,0,0,1,0,0,0,0,0,0,1,0,0,0,0,1,0,1,0,1,0,0,1,0,0,-82.65,TRAIN
13,2,3,4,2025,0,0,0,1,0,0,0,0,0,1,1,0,0,0,0,0,1,1,0,1,0,0,0,0,1,0,-90.11,TRAIN
6,3,3,4,2025,0,0,0,1,0,0,0,0,0,1,1,0,1,0,0,0,1,1,0,1,0,0,1,0,0,0,-121.02,TRAIN
13,0,3,4,2025,1,0,0,1,0,0,0,0,0,1,1,0,0,0,0,0,1,1,0,1,0,0,0,0,1,0,-75.39,TRAIN
16,2,4,4,2025,0,0,0,0,1,0,0,0,0,0,0,1,0,0,0,0,1,0,1,0,1,0,0,1,0,0,-56.54,TRAIN
15,1,5,4,2025,0,0,1,0,1,0,0,0,0,0,1,0,0,0,0,0,1,0,1,1,0,0,0,0,1,0,-73.15,TRAIN
16,3,1,5,2025,0,0,0,0,1,0,0,0,0,0,0,1,0,0,0,0,1,0,1,0,1,0,0,1,0,0,-42.38,TRAIN
6,4,1,5,2025,0,1,0,0,1,0,0,0,0,0,1,0,1,0,0,0,1,0,1,1,0,0,1,0,0,1,47.8,TRAIN
17,0,1,5,2025,1,0,0,0,1,0,0,0,0,0,0,1,0,0,0,0,1,0,1,0,1,0,0,1,0,0,-44.7,TRAIN
16,1,1,5,2025,0,0,0,0,1,0,0,0,0,0,0,0,0,0,0,0,1,0,1,0,0,1,0,1,0,0,-18.5,TRAIN
15,3,3,5,2025,0,0,0,1,0,0,0,0,0,1,0,1,0,0,0,0,1,1,0,0,1,0,0,0,1,1,8.9,TRAIN
16,3,3,5,2025,0,0,0,1,0,0,0,0,0,1,0,1,0,0,0,0,1,1,0,0,1,0,0,1,0,0,-34.36,TRAIN
13,4,3,5,2025,0,1,0,1,0,0,0,0,0,1,1,0,0,0,0,0,1,1,0,1,0,0,0,0,1,1,5.58,TRAIN
17,4,3,5,2025,0,1,0,0,1,0,0,0,0,0,1,0,0,0,0,0,1,0,1,1,0,0,0,1,0,0,-30.84,TRAIN
14,1,3,5,2025,0,0,0,1,0,0,0,0,0,1,1,0,0,0,0,0,1,1,0,1,0,0,0,0,1,1,37.9,TRAIN
13,3,4,5,2025,0,0,0,1,0,0,0,0,0,1,1,0,0,0,0,0,1,1,0,1,0,0,0,0,1,1,62.6,TRAIN
15,4,4,5,2025,0,1,0,1,0,0,0,0,0,1,0,1,0,0,0,0,1,1,0,0,1,0,0,0,1,1,15.1,TRAIN
17,0,4,5,2025,1,0,1,0,1,0,0,0,0,0,1,0,0,0,0,0,1,0,1,1,0,0,0,1,0,1,45.9,TRAIN
6,1,4,5,2025,0,0,1,1,0,0,0,0,0,1,1,0,1,0,0,0,1,1,0,1,0,0,1,0,0,1,32.5,TRAIN
7,1,4,5,2025,0,0,1,1,0,0,0,0,0,1,1,0,1,0,0,0,1,1,0,1,0,0,1,0,0,1,47.4,TRAIN
8,1,4,5,2025,0,0,1,1,0,0,0,0,0,1,1,0,0,0,0,0,1,1,0,1,0,0,1,0,0,1,70.9,TRAIN
16,1,4,5,2025,0,0,1,0,1,0,0,0,0,0,1,0,0,0,0,0,1,0,1,1,0,0,0,1,0,1,23.3,TRAIN
6,2,4,5,2025,0,0,1,1,0,0,0,0,0,1,1,0,1,0,0,0,1,1,0,1,0,0,1,0,0,1,84.0,TRAIN
16,3,5,5,2025,0,0,1,0,1,0,0,0,0,0,0,0,0,0,0,0,1,0,1,0,0,1,0,1,0,0,-3.0,TRAIN
16,3,5,5,2025,0,0,1,0,1,0,0,0,0,0,0,0,0,0,0,0,1,0,1,0,0,1,0,1,0,1,5.36,TRAIN
13,4,5,5,2025,0,1,1,0,1,0,0,0,0,0,1,0,0,0,0,0,1,0,1,1,0,0,0,0,1,1,28.8,TRAIN
9,1,1,6,2025,0,0,0,0,1,0,0,0,0,0,1,0,0,0,0,0,1,0,1,1,0,0,1,0,0,1,39.9,TRAIN
15,3,1,6,2025,0,0,0,1,0,0,0,0,0,1,0,1,0,0,0,0,1,1,0,0,1,0,0,0,1,1,29.7,TRAIN
6,4,1,6,2025,0,1,0,1,0,0,0,0,0,1,1,0,1,0,0,0,1,1,0,1,0,0,1,0,0,1,31.9,TRAIN
14,0,2,6,2025,1,0,0,1,0,0,0,0,0,1,1,0,0,0,0,0,1,1,0,1,0,0,0,0,1,1,31.0,TRAIN
15,0,2,6,2025,1,0,0,1,0,0,0,0,0,1,1,0,0,0,0,0,1,1,0,1,0,0,0,0,1,1,54.6,TRAIN
15,2,2,6,2025,0,0,0,0,1,0,0,0,0,0,1,0,0,0,0,0,1,0,1,1,0,0,0,0,1,1,46.8,TRAIN
16,4,2,6,2025,0,1,0,0,1,0,0,0,0,0,0,1,0,0,0,0,1,0,1,0,1,0,0,1,0,1,19.7,TRAIN
15,1,3,6,2025,0,0,0,1,0,0,0,0,0,1,0,1,0,0,0,0,1,1,0,0,1,0,0,0,1,1,34.7,TRAIN
17,0,4,6,2025,1,0,0,0,1,0,0,0,0,0,1,0,0,0,0,0,1,0,1,1,0,0,0,1,0,1,26.72,TRAIN
16,2,4,6,2025,0,0,1,1,0,0,0,0,0,1,0,0,0,0,0,0,1,1,0,0,0,1,0,1,0,0,-10.0,TRAIN
8,3,4,6,2025,0,0,1,1,0,0,0,0,0,1,1,0,0,0,0,0,1,1,0,1,0,0,1,0,0,0,-53.71,TRAIN
15,3,4,6,2025,0,0,1,0,1,0,0,0,0,0,0,1,0,0,0,0,1,0,1,0,1,0,0,0,1,0,-38.65,TRAIN
6,4,4,6,2025,0,1,1,0,1,0,0,0,0,0,1,0,1,0,0,0,1,0,1,1,0,0,1,0,0,1,38.4,TRAIN
16,1,1,7,2025,0,0,0,0,1,0,0,0,0,0,0,1,0,0,0,0,1,0,1,0,1,0,0,1,0,0,-36.63,TRAIN
15,2,1,7,2025,0,0,0,0,1,0,0,0,0,0,1,0,0,0,0,0,1,0,1,1,0,0,0,0,1,0,-86.45,TRAIN
15,3,1,7,2025,0,0,0,1,0,0,0,0,0,1,0,1,0,0,0,0,1,1,0,0,1,0,0,0,1,1,81.2,TRAIN
6,1,2,7,2025,0,0,0,1,0,0,0,0,0,1,1,0,1,0,0,0,1,1,0,1,0,0,1,0,0,1,48.0,TRAIN
15,2,2,7,2025,0,0,0,1,0,0,0,0,0,1,0,1,0,0,0,0,1,1,0,0,1,0,0,0,1,0,-31.95,TRAIN
8,3,2,7,2025,0,0,0,1,0,0,0,0,0,1,1,0,0,0,0,0,1,1,0,1,0,0,1,0,0,1,38.7,TRAIN
16,2,3,7,2025,0,0,0,1,0,0,0,0,0,1,1,0,0,0,0,0,1,1,0,1,0,0,0,1,0,0,-16.0,TRAIN
17,4,3,7,2025,0,1,0,1,0,0,0,0,0,1,0,1,0,0,0,0,1,1,0,0,1,0,0,1,0,1,24.8,TRAIN
14,1,4,7,2025,0,0,0,0,1,0,0,0,0,0,1,0,0,0,0,0,1,0,1,1,0,0,0,0,1,1,12.72,TRAIN
17,3,4,7,2025,0,0,0,0,1,0,0,0,0,0,1,0,0,0,0,0,1,0,1,1,0,0,0,1,0,0,-17.5,TRAIN
8,4,4,7,2025,0,1,1,0,1,0,0,0,0,0,1,0,0,0,0,0,1,0,1,1,0,0,1,0,0,0,-85.4,TRAIN
16,4,4,7,2025,0,1,1,1,0,0,0,0,0,1,0,1,0,0,0,0,1,1,0,0,1,0,0,1,0,1,18.1,TRAIN
15,0,4,7,2025,1,0,1,0,1,0,0,0,0,0,1,0,0,0,0,0,1,0,1,1,0,0,0,0,1,0,-69.09,TRAIN
16,1,1,8,2025,0,0,0,0,1,0,0,0,0,0,1,0,0,0,0,0,1,0,1,1,0,0,0,1,0,1,24.7,TRAIN
8,3,1,8,2025,0,0,0,0,1,0,0,0,0,0,1,0,0,0,0,0,1,0,1,1,0,0,1,0,0,1,22.02,TRAIN
17,3,1,8,2025,0,0,0,0,1,0,0,0,0,0,0,1,0,0,0,0,1,0,1,0,1,0,0,1,0,1,18.8,TRAIN
6,4,2,8,2025,0,1,0,1,0,0,0,0,0,1,1,0,1,0,0,0,1,1,0,1,0,0,1,0,0,1,39.5,TRAIN
16,4,2,8,2025,0,1,0,0,1,0,0,0,0,0,1,0,0,0,0,0,1,0,1,1,0,0,0,1,0,1,26.0,TRAIN
14,0,2,8,2025,1,0,0,1,0,0,0,0,0,1,1,0,0,0,0,0,1,1,0,1,0,0,0,0,1,1,36.1,TRAIN
15,1,2,8,2025,0,0,0,0,1,0,0,0,0,0,1,0,0,0,0,0,1,0,1,1,0,0,0,0,1,1,35.4,TRAIN
15,4,3,8,2025,0,1,0,0,1,0,0,0,0,0,0,1,0,0,0,0,1,0,1,0,1,0,0,0,1,0,-55.83,TRAIN
17,1,3,8,2025,0,0,0,0,1,0,0,0,0,0,1,0,0,0,0,0,1,0,1,1,0,0,0,1,0,1,43.5,TRAIN
13,1,4,8,2025,0,0,1,0,1,0,0,0,0,0,1,0,0,0,0,0,1,0,1,1,0,0,0,0,1,1,44.9,TRAIN
17,2,4,8,2025,0,0,1,0,1,0,0,0,0,0,1,0,0,0,0,0,1,0,1,1,0,0,0,1,0,1,26.5,TRAIN
6,0,1,9,2025,1,0,0,0,1,0,0,0,0,0,1,0,1,0,0,0,1,0,1,1,0,0,1,0,0,0,-6.8,TEST
6,0,1,9,2025,1,0,0,0,1,0,0,0,0,0,1,0,1,0,0,0,1,0,1,1,0,0,1,0,0,0,-78.17,TEST
16,1,1,9,2025,0,0,0,0,1,0,0,0,0,0,1,0,0,0,0,0,1,0,1,1,0,0,0,1,0,1,32.4,TEST
9,2,1,9,2025,0,0,0,0,1,0,0,0,0,0,1,0,0,0,0,0,1,0,1,1,0,0,1,0,0,1,40.3,TEST
8,3,1,9,2025,0,0,0,1,0,0,0,0,0,1,1,0,0,0,0,0,1,1,0,1,0,0,1,0,0,1,47.5,TEST
6,2,2,9,2025,0,0,0,0,1,0,0,0,0,0,1,0,1,0,0,0,1,0,1,1,0,0,1,0,0,0,-54.81,TEST
15,3,2,9,2025,0,0,0,0,1,0,0,0,0,0,0,1,0,0,0,0,1,0,1,0,1,0,0,0,1,1,49.5,TEST
6,1,3,9,2025,0,0,0,0,1,0,0,0,0,0,1,0,1,0,0,0,1,0,1,1,0,0,1,0,0,1,33.8,TEST
13,1,3,9,2025,0,0,0,1,0,0,0,0,0,1,1,0,0,0,0,0,1,1,0,1,0,0,0,0,1,0,-65.24,TEST
13,2,3,9,2025,0,0,0,0,1,0,0,0,0,0,1,0,0,0,0,0,1,0,1,1,0,0,0,0,1,1,59.96,TEST
16,4,3,9,2025,0,1,0,1,0,0,0,0,0,1,0,0,0,0,0,0,1,1,0,0,0,1,0,1,0,0,-8.0,TEST
16,0,4,9,2025,1,0,0,0,1,0,0,0,0,0,0,1,0,0,0,0,1,0,1,0,1,0,0,0,1,1,17.9,TEST
6,1,4,9,2025,0,0,0,1,0,0,0,0,0,1,1,0,1,0,0,0,1,1,0,1,0,0,1,0,0,1,23.7,TEST
16,0,5,9,2025,1,0,1,1,0,0,0,0,0,1,0,0,0,0,0,0,1,1,0,0,0,1,0,1,0,0,-7.9,TEST
17,4,1,10,2025,0,1,0,1,0,0,0,0,0,1,0,1,0,0,0,0,1,1,0,0,1,0,0,1,0,1,91.05,TEST
15,0,1,10,2025,1,0,0,0,1,0,0,0,0,0,1,0,0,0,0,0,1,0,1,1,0,0,0,0,1,1,7.3,TEST
9,2,2,10,2025,0,0,0,1,0,0,0,0,0,1,0,1,0,0,0,0,1,1,0,0,1,0,1,0,0,1,33.13,TEST
16,2,2,10,2025,0,0,0,1,0,0,0,0,0,1,0,1,0,0,0,0,1,1,0,0,1,0,0,1,0,1,13.9,TEST
9,1,2,10,2025,0,0,0,1,0,0,0,0,0,1,0,1,0,0,0,0,1,1,0,0,1,0,1,0,0,1,19.9,TEST
16,1,2,10,2025,0,0,0,0,1,0,0,0,0,0,0,1,0,0,0,0,1,0,1,0,1,0,0,0,1,1,11.2,TEST
8,0,3,10,2025,1,0,0,0,1,0,0,0,0,0,1,0,0,0,0,0,1,0,1,1,0,0,1,0,0,0,-96.64,TEST
17,3,4,10,2025,0,0,0,1,0,0,0,0,0,1,0,0,0,0,0,0,1,1,0,0,0,1,0,1,0,0,-6.0,TEST
16,4,4,10,2025,0,1,0,0,1,0,0,0,0,0,0,1,0,0,0,0,1,0,1,0,1,0,0,1,0,0,-34.9,TEST
15,0,4,10,2025,1,0,1,1,0,0,0,0,0,1,1,0,0,0,0,0,1,1,0,1,0,0,0,0,1,0,-90.51,TEST
6,3,5,10,2025,0,0,1,0,1,0,0,0,0,0,1,0,1,0,0,0,1,0,1,1,0,0,1,0,0,0,-83.83,TEST
7,4,5,10,2025,0,1,1,1,0,0,0,0,0,1,1,0,1,0,0,0,1,1,0,1,0,0,1,0,0,0,-0.5,TEST
13,4,5,10,2025,0,1,1,0,1,0,0,0,0,0,1,0,0,0,0,0,1,0,1,1,0,0,0,0,1,1,32.0,TEST
8,2,1,11,2025,0,0,0,1,0,0,0,0,0,1,1,0,0,0,0,0,1,1,0,1,0,0,1,0,0,1,55.7,TEST
16,3,1,11,2025,0,0,0,0,1,0,0,0,0,0,0,0,0,0,0,0,1,0,1,0,0,1,0,1,0,1,2.4,TEST
16,4,1,11,2025,0,1,0,0,1,0,0,0,0,0,0,0,0,0,0,0,1,0,1,0,0,1,0,1,0,1,14.88,TEST
15,0,2,11,2025,1,0,0,0,1,0,0,0,0,0,1,0,0,0,0,0,1,0,1,1,0,0,0,0,1,1,30.4,TEST
16,1,2,11,2025,0,0,0,0,1,0,0,0,0,0,0,0,0,0,0,0,1,0,1,0,0,1,0,1,0,1,4.88,TEST
14,4,2,11,2025,0,1,0,0,1,0,0,0,0,0,1,0,0,0,0,0,1,0,1,1,0,0,0,0,1,0,-103.95,TEST
15,3,3,11,2025,0,0,0,0,1,0,0,0,0,0,0,1,0,0,0,0,1,0,1,0,1,0,0,0,1,1,11.6,TEST
7,1,4,11,2025,0,0,1,1,0,0,0,0,0,1,1,0,1,0,0,0,1,1,0,1,0,0,1,0,0,0,-59.01,TEST
7,4,4,11,2025,0,1,1,1,0,0,0,0,0,1,1,0,1,0,0,0,1,1,0,1,0,0,1,0,0,0,-51.82,TEST
16,3,1,12,2025,0,0,0,0,1,0,0,0,0,0,0,0,0,0,0,0,1,0,1,0,0,1,0,1,0,0,-7.0,TEST
6,0,2,12,2025,1,0,0,1,0,0,0,0,0,1,1,0,1,0,0,0,1,1,0,1,0,0,1,0,0,1,23.8,TEST
7,1,2,12,2025,0,0,0,0,1,0,0,0,0,0,0,1,1,0,0,0,1,0,1,0,1,0,1,0,0,0,-32.8,TEST
16,4,2,12,2025,0,1,0,1,0,0,0,0,0,1,0,0,0,0,0,0,1,1,0,0,0,1,0,1,0,1,4.8,TEST
15,1,3,12,2025,0,0,0,1,0,0,0,0,0,1,0,1,0,0,0,0,1,1,0,0,1,0,0,0,1,1,25.9,TEST
15,2,3,12,2025,0,0,0,0,1,0,0,0,0,0,1,0,0,0,0,0,1,0,1,1,0,0,0,0,1,0,-51.13,TEST
14,3,3,12,2025,0,0,0,0,1,0,0,0,0,0,1,0,0,0,0,0,1,0,1,1,0,0,0,0,1,1,36.71,TEST
16,3,3,12,2025,0,0,0,1,0,0,0,0,0,1,0,1,0,0,0,0,1,1,0,0,1,0,0,1,0,1,14.9,TEST
16,4,3,12,2025,0,1,0,1,0,0,0,0,0,1,0,1,0,0,0,0,1,1,0,0,1,0,0,1,0,1,19.7,TEST
16,2,4,12,2025,0,0,0,0,1,0,0,0,0,0,1,0,0,0,0,0,1,0,1,1,0,0,0,1,0,0,-63.31,TEST
15,4,4,12,2025,0,1,1,0,1,0,0,0,0,0,1,0,0,0,0,0,1,0,1,1,0,0,0,0,1,1,24.4,TEST
6,0,5,12,2025,1,0,1,1,0,0,0,0,0,1,1,0,1,0,0,0,1,1,0,1,0,0,1,0,0,0,-66.41,TEST
13,1,1,1,2026,0,0,0,1,0,0,0,0,0,1,1,0,0,0,0,0,1,1,0,1,0,0,0,0,1,1,28.3,TEST
6,2,1,1,2026,0,0,0,0,1,0,0,0,0,0,1,0,1,0,0,0,1,0,1,1,0,0,1,0,0,0,-57.46,TEST
15,4,2,1,2026,0,1,0,0,1,0,0,0,0,0,0,1,0,0,0,0,1,0,1,0,1,0,0,0,1,0,-36.6,TEST
6,0,2,1,2026,1,0,0,1,0,0,0,0,0,1,1,0,1,0,0,0,1,1,0,1,0,0,1,0,0,1,56.2,TEST
15,1,2,1,2026,0,0,0,1,0,0,0,0,0,1,1,0,0,0,0,0,1,1,0,1,0,0,0,0,1,1,27.6,TEST
17,3,3,1,2026,0,0,0,1,0,0,0,0,0,1,0,0,0,0,0,0,1,1,0,0,0,1,0,1,0,1,4.06,TEST
6,0,3,1,2026,1,0,0,1,0,0,0,0,0,1,1,0,1,0,0,0,1,1,0,1,0,0,1,0,0,1,52.8,TEST
15,1,3,1,2026,0,0,0,1,0,0,0,0,0,1,0,1,0,0,0,0,1,1,0,0,1,0,0,0,1,1,24.7,TEST
14,0,4,1,2026,1,0,1,1,0,0,0,0,0,1,1,0,0,0,0,0,1,1,0,1,0,0,0,0,1,1,55.8,TEST
16,1,4,1,2026,0,0,1,1,0,0,0,0,0,1,0,1,0,0,0,0,1,1,0,0,1,0,0,1,0,0,-40.59,TEST
9,0,1,2,2026,1,0,0,1,0,0,0,0,0,1,0,1,0,0,0,0,1,1,0,0,1,0,1,0,0,1,41.55,TEST
16,1,1,2,2026,0,0,0,1,0,0,0,0,0,1,0,0,0,0,0,0,1,1,0,0,0,1,0,1,0,0,0.0,TEST
7,3,1,2,2026,0,0,0,1,0,0,0,0,0,1,1,0,1,0,0,0,1,1,0,1,0,0,1,0,0,1,33.4,TEST
8,0,2,2,2026,1,0,0,1,0,0,0,0,0,1,0,1,0,0,0,0,1,1,0,0,1,0,1,0,0,1,18.1,TEST
6,1,2,2,2026,0,0,0,0,1,0,0,0,0,0,1,0,1,0,0,0,1,0,1,1,0,0,1,0,0,1,86.4,TEST
15,2,2,2,2026,0,0,0,0,1,0,0,0,0,0,0,1,0,0,0,0,1,0,1,0,1,0,0,0,1,0,-33.87,TEST
7,3,2,2,2026,0,0,0,1,0,0,0,0,0,1,1,0,1,0,0,0,1,1,0,1,0,0,1,0,0,1,67.4,TEST
15,4,3,2,2026,0,1,0,1,0,0,0,0,0,1,0,1,0,0,0,0,1,1,0,0,1,0,0,0,1,1,19.5,TEST
6,0,4,2,2026,1,0,0,1,0,0,0,0,0,1,1,0,1,0,0,0,1,1,0,1,0,0,1,0,0,1,32.1,TEST
16,0,4,2,2026,1,0,0,0,1,0,0,0,0,0,1,0,0,0,0,0,1,0,1,1,0,0,0,1,0,1,33.2,TEST
6,2,4,2,2026,0,0,1,1,0,0,0,0,0,1,1,0,1,0,0,0,1,1,0,1,0,0,1,0,0,1,40.1,TEST
16,2,4,2,2026,0,0,1,0,1,0,0,0,0,0,1,0,0,0,0,0,1,0,1,1,0,0,0,1,0,1,25.0,TEST
8,3,4,2,2026,0,0,1,1,0,0,0,0,0,1,1,0,0,0,0,0,1,1,0,1,0,0,1,0,0,1,26.6,TEST
16,4,2,11,2024,0,1,0,0,0,0,1,0,0,1,1,0,0,0,0,1,0,0,1,1,0,0,0,1,0,1,51.0,TRAIN
15,1,2,11,2024,0,0,0,0,0,0,1,0,0,1,1,0,0,0,0,1,0,0,1,1,0,0,0,0,1,1,16.8,TRAIN
16,1,2,11,2024,0,0,0,0,0,0,1,0,0,1,1,0,0,0,0,1,0,0,1,1,0,0,0,1,0,1,33.4,TRAIN
7,2,2,11,2024,0,0,0,0,0,0,1,0,0,1,1,0,1,0,0,1,0,0,1,1,0,0,1,0,0,1,39.18,TRAIN
14,4,3,11,2024,0,1,0,0,0,1,0,0,0,0,1,0,0,0,0,1,0,1,0,1,0,0,0,0,1,0,-45.6,TRAIN
16,1,3,11,2024,0,0,0,0,0,0,1,0,0,1,0,1,0,0,0,1,0,0,1,0,1,0,0,1,0,1,10.54,TRAIN
9,2,3,11,2024,0,0,0,0,0,1,0,0,0,0,0,1,0,0,0,1,0,1,0,0,1,0,1,0,0,0,-35.7,TRAIN
7,3,3,11,2024,0,0,0,0,0,0,1,0,0,1,1,0,1,0,0,1,0,0,1,1,0,0,1,0,0,0,-5.2,TRAIN
17,3,3,11,2024,0,0,0,0,0,1,0,0,0,0,1,0,0,0,0,1,0,1,0,1,0,0,0,1,0,0,-41.96,TRAIN
7,0,4,11,2024,1,0,1,0,0,0,1,0,0,1,1,0,1,0,0,1,0,0,1,1,0,0,1,0,0,1,33.7,TRAIN
6,1,4,11,2024,0,0,1,0,0,1,0,0,0,0,1,0,1,0,0,1,0,1,0,1,0,0,1,0,0,1,37.1,TRAIN
7,2,4,11,2024,0,0,1,0,0,1,0,0,0,0,1,0,1,0,0,1,0,1,0,1,0,0,1,0,0,1,17.4,TRAIN
16,2,4,11,2024,0,0,1,0,0,1,0,0,0,0,0,0,0,0,0,1,0,1,0,0,0,1,0,1,0,0,-9.3,TRAIN
13,3,4,11,2024,0,0,1,0,0,1,0,0,0,0,1,0,0,0,0,1,0,1,0,1,0,0,0,0,1,1,22.9,TRAIN
14,4,5,11,2024,0,1,1,0,0,1,0,0,0,0,0,1,0,0,0,1,0,1,0,0,1,0,0,0,1,1,31.43,TRAIN
15,0,1,12,2024,1,0,0,0,0,0,1,0,0,1,1,0,0,0,0,1,0,0,1,1,0,0,0,0,1,1,43.1,TRAIN
6,2,1,12,2024,0,0,0,0,0,1,0,0,0,0,1,0,1,0,0,1,0,1,0,1,0,0,1,0,0,1,27.2,TRAIN
16,4,1,12,2024,0,1,0,0,0,0,1,0,0,1,1,0,0,0,0,1,0,0,1,1,0,0,0,1,0,1,36.6,TRAIN
16,0,2,12,2024,1,0,0,0,0,0,1,0,0,1,1,0,0,0,0,1,0,0,1,1,0,0,0,1,0,1,24.1,TRAIN
6,1,2,12,2024,0,0,0,0,0,1,0,0,0,0,1,0,1,0,0,1,0,1,0,1,0,0,1,0,0,1,17.5,TRAIN
15,3,2,12,2024,0,0,0,0,0,1,0,0,0,0,0,1,0,0,0,1,0,1,0,0,1,0,0,0,1,0,-30.12,TRAIN
16,3,2,12,2024,0,0,0,0,0,1,0,0,0,0,0,1,0,0,0,1,0,1,0,0,1,0,0,1,0,1,10.94,TRAIN
8,2,3,12,2024,0,0,0,0,0,1,0,0,0,0,1,0,0,0,0,1,0,1,0,1,0,0,1,0,0,0,-6.1,TRAIN
13,2,3,12,2024,0,0,0,0,0,1,0,0,0,0,1,0,0,0,0,1,0,1,0,1,0,0,0,0,1,0,-59.56,TRAIN
16,0,4,12,2024,1,0,0,0,0,0,1,0,0,1,0,0,0,0,0,1,0,0,1,0,0,1,0,1,0,1,4.26,TRAIN
8,3,4,12,2024,0,0,1,0,0,1,0,0,0,0,1,0,0,0,0,1,0,1,0,1,0,0,1,0,0,0,-40.16,TRAIN
13,4,4,12,2024,0,1,1,0,0,1,0,0,0,0,1,0,0,0,0,1,0,1,0,1,0,0,0,0,1,1,27.2,TRAIN
14,0,5,12,2024,1,0,1,0,0,1,0,0,0,0,1,0,0,0,0,1,0,1,0,1,0,0,0,0,1,0,-59.52,TRAIN
13,1,5,12,2024,0,0,1,0,0,0,1,0,0,1,1,0,0,0,0,1,0,0,1,1,0,0,0,0,1,0,-10.8,TRAIN
14,1,5,12,2024,0,0,1,0,0,0,1,0,0,1,1,0,0,0,0,1,0,0,1,1,0,0,0,0,1,1,30.3,TRAIN
16,3,1,1,2025,0,0,0,0,0,0,1,0,0,1,0,0,0,0,0,1,0,0,1,0,0,1,0,1,0,1,9.12,TRAIN
13,1,1,1,2025,0,0,0,0,0,0,1,0,0,1,1,0,0,0,0,1,0,0,1,1,0,0,0,0,1,1,47.1,TRAIN
9,2,2,1,2025,0,0,0,0,0,0,1,0,0,1,1,0,0,0,0,1,0,0,1,1,0,0,1,0,0,1,14.3,TRAIN
15,4,2,1,2025,0,1,0,0,0,0,1,0,0,1,1,0,0,0,0,1,0,0,1,1,0,0,0,0,1,1,68.3,TRAIN
16,0,2,1,2025,1,0,0,0,0,1,0,0,0,0,1,0,0,0,0,1,0,1,0,1,0,0,0,1,0,1,29.0,TRAIN
13,1,2,1,2025,0,0,0,0,0,0,1,0,0,1,1,0,0,0,0,1,0,0,1,1,0,0,0,0,1,0,-88.99,TRAIN
6,3,3,1,2025,0,0,0,0,0,0,1,0,0,1,1,0,1,0,0,1,0,0,1,1,0,0,1,0,0,1,12.4,TRAIN
13,3,3,1,2025,0,0,0,0,0,1,0,0,0,0,1,0,0,0,0,1,0,1,0,1,0,0,0,0,1,1,21.6,TRAIN
16,1,3,1,2025,0,0,0,0,0,1,0,0,0,0,1,0,0,0,0,1,0,1,0,1,0,0,0,1,0,1,9.5,TRAIN
13,3,4,1,2025,0,0,0,0,0,1,0,0,0,0,1,0,0,0,0,1,0,1,0,1,0,0,0,0,1,1,19.7,TRAIN
13,0,4,1,2025,1,0,1,0,0,1,0,0,0,0,1,0,0,0,0,1,0,1,0,1,0,0,0,0,1,0,-100.45,TRAIN
13,3,5,1,2025,0,0,1,0,0,0,1,0,0,1,1,0,0,0,0,1,0,0,1,1,0,0,0,0,1,1,29.5,TRAIN
9,2,1,2,2025,0,0,0,0,0,1,0,0,0,0,1,0,0,0,0,1,0,1,0,1,0,0,1,0,0,1,19.9,TRAIN
15,4,1,2,2025,0,1,0,0,0,0,1,0,0,1,0,1,0,0,0,1,0,0,1,0,1,0,0,0,1,1,25.7,TRAIN
14,0,2,2,2025,1,0,0,0,0,0,1,0,0,1,1,0,0,0,0,1,0,0,1,1,0,0,0,0,1,1,11.28,TRAIN
14,0,2,2,2025,1,0,0,0,0,0,1,0,0,1,1,0,0,0,0,1,0,0,1,1,0,0,0,0,1,1,30.0,TRAIN
16,3,2,2,2025,0,0,0,0,0,0,1,0,0,1,0,0,0,0,0,1,0,0,1,0,0,1,0,1,0,0,-5.4,TRAIN
6,4,2,2,2025,0,1,0,0,0,0,1,0,0,1,1,0,1,0,0,1,0,0,1,1,0,0,1,0,0,0,-40.14,TRAIN
16,0,3,2,2025,1,0,0,0,0,0,1,0,0,1,1,0,0,0,0,1,0,0,1,1,0,0,0,1,0,0,-34.5,TRAIN
9,1,3,2,2025,0,0,0,0,0,1,0,0,0,0,1,0,0,0,0,1,0,1,0,1,0,0,1,0,0,0,-21.2,TRAIN
13,1,3,2,2025,0,0,0,0,0,0,1,0,0,1,1,0,0,0,0,1,0,0,1,1,0,0,0,0,1,1,28.4,TRAIN
14,3,3,2,2025,0,0,0,0,0,0,1,0,0,1,1,0,0,0,0,1,0,0,1,1,0,0,0,0,1,0,-45.64,TRAIN
6,2,4,2,2025,0,0,1,0,0,0,1,0,0,1,1,0,1,0,0,1,0,0,1,1,0,0,1,0,0,1,0.1,TRAIN
16,4,4,2,2025,0,1,1,0,0,1,0,0,0,0,0,0,0,0,0,1,0,1,0,0,0,1,0,1,0,0,-5.3,TRAIN
16,1,1,3,2025,0,0,0,0,0,0,1,0,0,1,1,0,0,0,0,1,0,0,1,1,0,0,0,1,0,0,-9.5,TRAIN
15,4,1,3,2025,0,1,0,0,0,1,0,0,0,0,0,1,0,0,0,1,0,1,0,0,1,0,0,0,1,0,-33.2,TRAIN
14,1,2,3,2025,0,0,0,0,0,0,1,0,0,1,1,0,0,0,0,1,0,0,1,1,0,0,0,0,1,0,-36.98,TRAIN
14,2,2,3,2025,0,0,0,0,0,0,1,0,0,1,0,1,0,0,0,1,0,0,1,0,1,0,0,0,1,1,29.2,TRAIN
8,0,3,3,2025,1,0,0,0,0,0,1,0,0,1,1,0,0,0,0,1,0,0,1,1,0,0,1,0,0,0,-4.7,TRAIN
13,2,3,3,2025,0,0,0,0,0,1,0,0,0,0,1,0,0,0,0,1,0,1,0,1,0,0,0,0,1,1,26.9,TRAIN
7,0,4,3,2025,1,0,0,0,0,0,1,0,0,1,1,0,1,0,0,1,0,0,1,1,0,0,1,0,0,0,-7.1,TRAIN
7,0,4,3,2025,1,0,0,0,0,0,1,0,0,1,1,0,1,0,0,1,0,0,1,1,0,0,1,0,0,0,-41.37,TRAIN
16,0,4,3,2025,1,0,0,0,0,1,0,0,0,0,0,1,0,0,0,1,0,1,0,0,1,0,0,0,1,1,15.68,TRAIN
16,0,4,3,2025,1,0,0,0,0,0,1,0,0,1,1,0,0,0,0,1,0,0,1,1,0,0,0,1,0,1,34.1,TRAIN
17,1,1,4,2025,0,0,0,0,0,1,0,0,0,0,0,1,0,0,0,1,0,1,0,0,1,0,0,1,0,1,12.56,TRAIN
13,2,1,4,2025,0,0,0,0,0,1,0,0,0,0,1,0,0,0,0,1,0,1,0,1,0,0,0,0,1,1,29.4,TRAIN
6,4,1,4,2025,0,1,0,0,0,0,1,0,0,1,1,0,1,0,0,1,0,0,1,1,0,0,1,0,0,1,32.9,TRAIN
15,4,1,4,2025,0,1,0,0,0,0,1,0,0,1,0,1,0,0,0,1,0,0,1,0,1,0,0,0,1,1,25.42,TRAIN
15,1,2,4,2025,0,0,0,0,0,0,1,0,0,1,0,1,0,0,0,1,0,0,1,0,1,0,0,0,1,1,9.88,TRAIN
16,1,2,4,2025,0,0,0,0,0,1,0,0,0,0,1,0,0,0,0,1,0,1,0,1,0,0,0,1,0,1,43.7,TRAIN
8,2,2,4,2025,0,0,0,0,0,0,1,0,0,1,0,1,0,0,0,1,0,0,1,0,1,0,1,0,0,1,12.8,TRAIN
15,3,2,4,2025,0,0,0,0,0,0,1,0,0,1,0,1,0,0,0,1,0,0,1,0,1,0,0,0,1,1,15.3,TRAIN
16,0,2,4,2025,1,0,0,0,0,0,1,0,0,1,1,0,0,0,0,1,0,0,1,1,0,0,0,1,0,0,-70.2,TRAIN
13,2,3,4,2025,0,0,0,0,0,0,1,0,0,1,1,0,0,0,0,1,0,0,1,1,0,0,0,0,1,1,28.7,TRAIN
15,3,3,4,2025,0,0,0,0,0,1,0,0,0,0,0,1,0,0,0,1,0,1,0,0,1,0,0,0,1,1,17.7,TRAIN
15,0,3,4,2025,1,0,0,0,0,0,1,0,0,1,1,0,0,0,0,1,0,0,1,1,0,0,0,0,1,1,25.8,TRAIN
7,1,4,4,2025,0,0,0,0,0,1,0,0,0,0,1,0,1,0,0,1,0,1,0,1,0,0,1,0,0,0,-74.32,TRAIN
14,2,4,4,2025,0,0,0,0,0,0,1,0,0,1,1,0,0,0,0,1,0,0,1,1,0,0,0,0,1,1,25.9,TRAIN
15,3,4,4,2025,0,0,0,0,0,0,1,0,0,1,1,0,0,0,0,1,0,0,1,1,0,0,0,0,1,0,-42.13,TRAIN
7,0,4,4,2025,1,0,1,0,0,1,0,0,0,0,1,0,1,0,0,1,0,1,0,1,0,0,1,0,0,1,33.9,TRAIN
8,2,5,4,2025,0,0,1,0,0,1,0,0,0,0,1,0,0,0,0,1,0,1,0,1,0,0,1,0,0,0,-2.7,TRAIN
9,2,5,4,2025,0,0,1,0,0,1,0,0,0,0,1,0,0,0,0,1,0,1,0,1,0,0,1,0,0,0,-33.76,TRAIN
13,3,1,5,2025,0,0,0,0,0,1,0,0,0,0,1,0,0,0,0,1,0,1,0,1,0,0,0,0,1,1,50.9,TRAIN
14,3,2,5,2025,0,0,0,0,0,1,0,0,0,0,0,1,0,0,0,1,0,1,0,0,1,0,0,0,1,0,-88.64,TRAIN
6,2,2,5,2025,0,0,0,0,0,0,1,0,0,1,1,0,1,0,0,1,0,0,1,1,0,0,1,0,0,0,-43.54,TRAIN
15,3,3,5,2025,0,0,0,0,0,0,1,0,0,1,1,0,0,0,0,1,0,0,1,1,0,0,0,0,1,1,9.95,TRAIN
13,4,3,5,2025,0,1,0,0,0,0,1,0,0,1,1,0,0,0,0,1,0,0,1,1,0,0,0,0,1,1,33.8,TRAIN
13,1,3,5,2025,0,0,0,0,0,0,1,0,0,1,1,0,0,0,0,1,0,0,1,1,0,0,0,0,1,0,-63.89,TRAIN
13,2,3,5,2025,0,0,0,0,0,0,1,0,0,1,1,0,0,0,0,1,0,0,1,1,0,0,0,0,1,1,10.48,TRAIN
16,4,4,5,2025,0,1,0,0,0,0,1,0,0,1,1,0,0,0,0,1,0,0,1,1,0,0,0,1,0,0,-68.76,TRAIN
6,1,4,5,2025,0,0,1,0,0,0,1,0,0,1,1,0,1,0,0,1,0,0,1,1,0,0,1,0,0,1,24.0,TRAIN
8,1,4,5,2025,0,0,1,0,0,0,1,0,0,1,1,0,0,0,0,1,0,0,1,1,0,0,1,0,0,1,30.9,TRAIN
13,2,4,5,2025,0,0,1,0,0,1,0,0,0,0,1,0,0,0,0,1,0,1,0,1,0,0,0,0,1,0,-69.92,TRAIN
6,4,5,5,2025,0,1,1,0,0,0,1,0,0,1,1,0,1,0,0,1,0,0,1,1,0,0,1,0,0,0,-61.02,TRAIN
14,2,1,6,2025,0,0,0,0,0,0,1,0,0,1,1,0,0,0,0,1,0,0,1,1,0,0,0,0,1,0,-11.8,TRAIN
6,3,1,6,2025,0,0,0,0,0,0,1,0,0,1,1,0,1,0,0,1,0,0,1,1,0,0,1,0,0,0,-48.13,TRAIN
16,3,1,6,2025,0,0,0,0,0,1,0,0,0,0,0,0,0,0,0,1,0,1,0,0,0,1,0,1,0,0,-6.7,TRAIN
15,4,1,6,2025,0,1,0,0,0,0,1,0,0,1,0,1,0,0,0,1,0,0,1,0,1,0,0,0,1,0,-46.76,TRAIN
15,0,2,6,2025,1,0,0,0,0,0,1,0,0,1,1,0,0,0,0,1,0,0,1,1,0,0,0,0,1,1,71.2,TRAIN
13,2,2,6,2025,0,0,0,0,0,1,0,0,0,0,1,0,0,0,0,1,0,1,0,1,0,0,0,0,1,1,38.8,TRAIN
16,3,2,6,2025,0,0,0,0,0,1,0,0,0,0,0,0,0,0,0,1,0,1,0,0,0,1,0,1,0,1,3.92,TRAIN
6,4,2,6,2025,0,1,0,0,0,0,1,0,0,1,1,0,1,0,0,1,0,0,1,1,0,0,1,0,0,1,4.2,TRAIN
6,4,2,6,2025,0,1,0,0,0,0,1,0,0,1,1,0,1,0,0,1,0,0,1,1,0,0,1,0,0,0,-9.8,TRAIN
15,1,3,6,2025,0,0,0,0,0,0,1,0,0,1,0,1,0,0,0,1,0,0,1,0,1,0,0,0,1,1,37.72,TRAIN
16,2,3,6,2025,0,0,0,0,0,0,1,0,0,1,0,0,0,0,0,1,0,0,1,0,0,1,0,1,0,1,6.46,TRAIN
17,2,3,6,2025,0,0,0,0,0,1,0,0,0,0,1,0,0,0,0,1,0,1,0,1,0,0,0,1,0,0,-31.1,TRAIN
16,4,3,6,2025,0,1,0,0,0,0,1,0,0,1,1,0,0,0,0,1,0,0,1,1,0,0,0,1,0,1,21.6,TRAIN
13,0,4,6,2025,1,0,0,0,0,0,1,0,0,1,1,0,0,0,0,1,0,0,1,1,0,0,0,0,1,0,-92.9,TRAIN
17,1,4,6,2025,0,0,0,0,0,0,1,0,0,1,1,0,0,0,0,1,0,0,1,1,0,0,0,1,0,1,18.7,TRAIN
16,2,4,6,2025,0,0,1,0,0,1,0,0,0,0,1,0,0,0,0,1,0,1,0,1,0,0,0,1,0,1,26.1,TRAIN
15,3,4,6,2025,0,0,1,0,0,1,0,0,0,0,0,1,0,0,0,1,0,1,0,0,1,0,0,0,1,1,14.8,TRAIN
15,0,5,6,2025,1,0,1,0,0,1,0,0,0,0,1,0,0,0,0,1,0,1,0,1,0,0,0,0,1,1,21.7,TRAIN
16,1,1,7,2025,0,0,0,0,0,0,1,0,0,1,1,0,0,0,0,1,0,0,1,1,0,0,0,0,1,1,42.8,TRAIN
16,2,1,7,2025,0,0,0,0,0,1,0,0,0,0,0,1,0,0,0,1,0,1,0,0,1,0,0,1,0,0,-39.58,TRAIN
8,3,1,7,2025,0,0,0,0,0,1,0,0,0,0,1,0,0,0,0,1,0,1,0,1,0,0,1,0,0,1,28.9,TRAIN
6,0,1,7,2025,1,0,0,0,0,0,1,0,0,1,1,0,1,0,0,1,0,0,1,1,0,0,1,0,0,1,27.3,TRAIN
15,0,1,7,2025,1,0,0,0,0,1,0,0,0,0,1,0,0,0,0,1,0,1,0,1,0,0,0,0,1,0,-4.6,TRAIN
16,0,1,7,2025,1,0,0,0,0,1,0,0,0,0,1,0,0,0,0,1,0,1,0,1,0,0,0,0,1,0,-67.35,TRAIN
16,1,2,7,2025,0,0,0,0,0,0,1,0,0,1,0,0,0,0,0,1,0,0,1,0,0,1,0,1,0,0,-3.6,TRAIN
15,1,3,7,2025,0,0,0,0,0,0,1,0,0,1,0,1,0,0,0,1,0,0,1,0,1,0,0,0,1,1,26.6,TRAIN
15,2,3,7,2025,0,0,0,0,0,0,1,0,0,1,0,1,0,0,0,1,0,0,1,0,1,0,0,0,1,1,4.6,TRAIN
15,3,3,7,2025,0,0,0,0,0,1,0,0,0,0,0,1,0,0,0,1,0,1,0,0,1,0,0,0,1,1,14.9,TRAIN
13,1,4,7,2025,0,0,0,0,0,1,0,0,0,0,1,0,0,0,0,1,0,1,0,1,0,0,0,0,1,1,25.8,TRAIN
6,2,4,7,2025,0,0,0,0,0,1,0,0,0,0,1,0,1,0,0,1,0,1,0,1,0,0,1,0,0,1,20.1,TRAIN
16,3,4,7,2025,0,0,0,0,0,1,0,0,0,0,1,0,0,0,0,1,0,1,0,1,0,0,0,1,0,0,-41.16,TRAIN
9,4,4,7,2025,0,1,1,0,0,0,1,0,0,1,0,1,0,0,0,1,0,0,1,0,1,0,1,0,0,1,10.12,TRAIN
15,0,4,7,2025,1,0,1,0,0,1,0,0,0,0,1,0,0,0,0,1,0,1,0,1,0,0,0,0,1,0,-47.41,TRAIN
13,3,5,7,2025,0,0,1,0,0,0,1,0,0,1,1,0,0,0,0,1,0,0,1,1,0,0,0,0,1,1,55.6,TRAIN
15,4,1,8,2025,0,1,0,0,0,1,0,0,0,0,0,1,0,0,0,1,0,1,0,0,1,0,0,0,1,1,79.1,TRAIN
7,1,2,8,2025,0,0,0,0,0,0,1,0,0,1,1,0,1,0,0,1,0,0,1,1,0,0,1,0,0,0,-33.08,TRAIN
15,4,3,8,2025,0,1,0,0,0,1,0,0,0,0,0,1,0,0,0,1,0,1,0,0,1,0,0,0,1,0,-30.94,TRAIN
7,1,3,8,2025,0,0,0,0,0,1,0,0,0,0,1,0,1,0,0,1,0,1,0,1,0,0,1,0,0,1,20.0,TRAIN
16,1,3,8,2025,0,0,0,0,0,0,1,0,0,1,0,0,0,0,0,1,0,0,1,0,0,1,0,1,0,1,8.5,TRAIN
8,2,3,8,2025,0,0,0,0,0,1,0,0,0,0,1,0,0,0,0,1,0,1,0,1,0,0,1,0,0,1,22.2,TRAIN
13,3,3,8,2025,0,0,0,0,0,1,0,0,0,0,1,0,0,0,0,1,0,1,0,1,0,0,0,0,1,0,-6.9,TRAIN
15,3,3,8,2025,0,0,0,0,0,0,1,0,0,1,1,0,0,0,0,1,0,0,1,1,0,0,0,0,1,1,19.8,TRAIN
13,4,4,8,2025,0,1,0,0,0,1,0,0,0,0,1,0,0,0,0,1,0,1,0,1,0,0,0,0,1,1,1.5,TRAIN
7,0,4,8,2025,1,0,1,0,0,1,0,0,0,0,1,0,1,0,0,1,0,1,0,1,0,0,1,0,0,0,-48.68,TRAIN
13,1,4,8,2025,0,0,1,0,0,1,0,0,0,0,1,0,0,0,0,1,0,1,0,1,0,0,0,0,1,1,6.68,TRAIN
16,1,1,9,2025,0,0,0,0,0,0,1,0,0,1,0,0,0,0,0,1,0,0,1,0,0,1,0,1,0,0,-4.0,TEST
15,3,1,9,2025,0,0,0,0,0,1,0,0,0,0,0,1,0,0,0,1,0,1,0,0,1,0,0,0,1,1,14.8,TEST
16,1,2,9,2025,0,0,0,0,0,0,1,0,0,1,1,0,0,0,0,1,0,0,1,1,0,0,0,1,0,1,18.9,TEST
6,2,2,9,2025,0,0,0,0,0,1,0,0,0,0,1,0,1,0,0,1,0,1,0,1,0,0,1,0,0,1,21.5,TEST
14,3,2,9,2025,0,0,0,0,0,0,1,0,0,1,0,1,0,0,0,1,0,0,1,0,1,0,0,0,1,0,-28.92,TEST
15,3,2,9,2025,0,0,0,0,0,1,0,0,0,0,0,1,0,0,0,1,0,1,0,0,1,0,0,0,1,1,26.7,TEST
17,4,2,9,2025,0,1,0,0,0,1,0,0,0,0,1,0,0,0,0,1,0,1,0,1,0,0,0,1,0,1,11.64,TEST
14,3,3,9,2025,0,0,0,0,0,0,1,0,0,1,0,1,0,0,0,1,0,0,1,0,1,0,0,0,1,1,23.9,TEST
8,0,4,9,2025,1,0,0,0,0,1,0,0,0,0,1,0,0,0,0,1,0,1,0,1,0,0,1,0,0,1,24.9,TEST
6,1,4,9,2025,0,0,0,0,0,0,1,0,0,1,1,0,1,0,0,1,0,0,1,1,0,0,1,0,0,1,27.1,TEST
17,3,4,9,2025,0,0,1,0,0,0,1,0,0,1,0,0,0,0,0,1,0,0,1,0,0,1,0,1,0,0,-3.0,TEST
13,4,4,9,2025,0,1,1,0,0,0,1,0,0,1,1,0,0,0,0,1,0,0,1,1,0,0,0,0,1,0,-46.04,TEST
17,0,5,9,2025,1,0,1,0,0,0,1,0,0,1,1,0,0,0,0,1,0,0,1,1,0,0,0,1,0,0,-54.41,TEST
14,3,1,10,2025,0,0,0,0,0,0,1,0,0,1,1,0,0,0,0,1,0,0,1,1,0,0,0,0,1,0,-4.4,TEST
15,3,1,10,2025,0,0,0,0,0,0,1,0,0,1,1,0,0,0,0,1,0,0,1,1,0,0,0,0,1,1,43.1,TEST
13,2,2,10,2025,0,0,0,0,0,0,1,0,0,1,0,1,0,0,0,1,0,0,1,0,1,0,0,0,1,1,23.4,TEST
8,3,2,10,2025,0,0,0,0,0,0,1,0,0,1,1,0,0,0,0,1,0,0,1,1,0,0,1,0,0,1,39.74,TEST
16,4,2,10,2025,0,1,0,0,0,0,1,0,0,1,0,0,0,0,0,1,0,0,1,0,0,1,0,1,0,0,-6.8,TEST
16,3,3,10,2025,0,0,0,0,0,0,1,0,0,1,0,1,0,0,0,1,0,0,1,0,1,0,0,1,0,1,17.3,TEST
15,0,3,10,2025,1,0,0,0,0,1,0,0,0,0,1,0,0,0,0,1,0,1,0,1,0,0,0,0,1,0,-52.5,TEST
9,2,4,10,2025,0,0,0,0,0,0,1,0,0,1,1,0,0,0,0,1,0,0,1,1,0,0,1,0,0,1,32.6,TEST
15,2,4,10,2025,0,0,0,0,0,1,0,0,0,0,1,0,0,0,0,1,0,1,0,1,0,0,0,0,1,1,24.7,TEST
6,4,4,10,2025,0,1,0,0,0,0,1,0,0,1,1,0,1,0,0,1,0,0,1,1,0,0,1,0,0,1,9.0,TEST
16,4,4,10,2025,0,1,0,0,0,1,0,0,0,0,1,0,0,0,0,1,0,1,0,1,0,0,0,1,0,0,-73.6,TEST
16,2,5,10,2025,0,0,1,0,0,1,0,0,0,0,1,0,0,0,0,1,0,1,0,1,0,0,0,1,0,0,-59.09,TEST
16,4,5,10,2025,0,1,1,0,0,0,1,0,0,1,0,0,0,0,0,1,0,0,1,0,0,1,0,1,0,0,-5.1,TEST
6,1,1,11,2025,0,0,0,0,0,1,0,0,0,0,1,0,1,0,0,1,0,1,0,1,0,0,1,0,0,1,2.9,TEST
6,1,1,11,2025,0,0,0,0,0,1,0,0,0,0,1,0,1,0,0,1,0,1,0,1,0,0,1,0,0,0,-31.83,TEST
14,3,1,11,2025,0,0,0,0,0,0,1,0,0,1,0,1,0,0,0,1,0,0,1,0,1,0,0,0,1,0,-38.5,TEST
13,4,1,11,2025,0,1,0,0,0,1,0,0,0,0,1,0,0,0,0,1,0,1,0,1,0,0,0,0,1,1,5.0,TEST
14,4,1,11,2025,0,1,0,0,0,1,0,0,0,0,1,0,0,0,0,1,0,1,0,1,0,0,0,0,1,1,37.29,TEST
16,0,2,11,2025,1,0,0,0,0,0,1,0,0,1,1,0,0,0,0,1,0,0,1,1,0,0,0,1,0,1,35.9,TEST
9,2,2,11,2025,0,0,0,0,0,1,0,0,0,0,1,0,0,0,0,1,0,1,0,1,0,0,1,0,0,0,-40.06,TEST
13,4,2,11,2025,0,1,0,0,0,0,1,0,0,1,1,0,0,0,0,1,0,0,1,1,0,0,0,0,1,1,60.4,TEST
14,3,3,11,2025,0,0,0,0,0,0,1,0,0,1,1,0,0,0,0,1,0,0,1,1,0,0,0,0,1,0,-51.37,TEST
9,4,3,11,2025,0,1,0,0,0,0,1,0,0,1,1,0,0,0,0,1,0,0,1,1,0,0,1,0,0,1,30.9,TEST
13,4,3,11,2025,0,1,0,0,0,0,1,0,0,1,1,0,0,0,0,1,0,0,1,1,0,0,0,0,1,0,-73.9,TEST
16,1,4,11,2025,0,0,1,0,0,1,0,0,0,0,0,0,0,0,0,1,0,1,0,0,0,1,0,1,0,1,2.3,TEST
13,2,4,11,2025,0,0,1,0,0,1,0,0,0,0,0,1,0,0,0,1,0,1,0,0,1,0,0,0,1,0,-49.45,TEST
14,2,4,11,2025,0,0,1,0,0,1,0,0,0,0,1,0,0,0,0,1,0,1,0,1,0,0,0,0,1,1,27.9,TEST
6,4,4,11,2025,0,1,1,0,0,1,0,0,0,0,1,0,1,0,0,1,0,1,0,1,0,0,1,0,0,0,-39.45,TEST
6,1,1,12,2025,0,0,0,0,0,1,0,0,0,0,1,0,1,0,0,1,0,1,0,1,0,0,1,0,0,1,20.7,TEST
8,3,1,12,2025,0,0,0,0,0,1,0,0,0,0,1,0,0,0,0,1,0,1,0,1,0,0,1,0,0,1,16.7,TEST
15,3,1,12,2025,0,0,0,0,0,0,1,0,0,1,1,0,0,0,0,1,0,0,1,1,0,0,0,0,1,1,25.4,TEST
15,3,2,12,2025,0,0,0,0,0,1,0,0,0,0,1,0,0,0,0,1,0,1,0,1,0,0,0,0,1,1,29.5,TEST
15,4,2,12,2025,0,1,0,0,0,1,0,0,0,0,1,0,0,0,0,1,0,1,0,1,0,0,0,0,1,1,15.7,TEST
15,1,3,12,2025,0,0,0,0,0,0,1,0,0,1,0,1,0,0,0,1,0,0,1,0,1,0,0,0,1,1,27.0,TEST
13,4,3,12,2025,0,1,0,0,0,0,1,0,0,1,1,0,0,0,0,1,0,0,1,1,0,0,0,0,1,0,-43.07,TEST
13,0,5,12,2025,1,0,1,0,0,0,1,0,0,1,0,1,0,0,0,1,0,0,1,0,1,0,0,0,1,1,14.6,TEST
14,1,5,12,2025,0,0,1,0,0,0,1,0,0,1,1,0,0,0,0,1,0,0,1,1,0,0,0,0,1,1,24.9,TEST
16,1,5,12,2025,0,0,1,0,0,0,1,0,0,1,1,0,0,0,0,1,0,0,1,1,0,0,0,1,0,1,44.5,TEST
16,2,5,12,2025,0,0,1,0,0,1,0,0,0,0,1,0,0,0,0,1,0,1,0,1,0,0,0,0,1,1,23.0,TEST
15,2,1,1,2026,0,0,0,0,0,1,0,0,0,0,1,0,0,0,0,1,0,1,0,1,0,0,0,0,1,0,-30.19,TEST
6,3,2,1,2026,0,0,0,0,0,1,0,0,0,0,1,0,1,0,0,1,0,1,0,1,0,0,1,0,0,0,-37.5,TEST
15,4,2,1,2026,0,1,0,0,0,1,0,0,0,0,0,1,0,0,0,1,0,1,0,0,1,0,0,0,1,0,-44.1,TEST
14,1,2,1,2026,0,0,0,0,0,0,1,0,0,1,1,0,0,0,0,1,0,0,1,1,0,0,0,0,1,1,16.4,TEST
13,3,3,1,2026,0,0,0,0,0,0,1,0,0,1,1,0,0,0,0,1,0,0,1,1,0,0,0,0,1,1,42.9,TEST
6,4,3,1,2026,0,1,0,0,0,1,0,0,0,0,1,0,1,0,0,1,0,1,0,1,0,0,1,0,0,1,19.7,TEST
15,4,3,1,2026,0,1,0,0,0,1,0,0,0,0,0,1,0,0,0,1,0,1,0,0,1,0,0,0,1,0,-27.99,TEST
14,3,4,1,2026,0,0,0,0,0,1,0,0,0,0,1,0,0,0,0,1,0,1,0,1,0,0,0,0,1,0,-7.0,TEST
14,0,4,1,2026,1,0,1,0,0,0,1,0,0,1,1,0,0,0,0,1,0,0,1,1,0,0,0,0,1,0,-48.25,TEST
16,2,4,1,2026,0,0,1,0,0,1,0,0,0,0,1,0,0,0,0,1,0,1,0,1,0,0,0,1,0,1,28.5,TEST
13,4,5,1,2026,0,1,1,0,0,1,0,0,0,0,1,0,0,0,0,1,0,1,0,1,0,0,0,0,1,0,-67.75,TEST
16,0,1,2,2026,1,0,0,0,0,1,0,0,0,0,0,1,0,0,0,1,0,1,0,0,1,0,0,1,0,0,-36.54,TEST
16,1,1,2,2026,0,0,0,0,0,0,1,0,0,1,0,0,0,0,0,1,0,0,1,0,0,1,0,1,0,0,-8.2,TEST
16,1,1,2,2026,0,0,0,0,0,0,1,0,0,1,0,0,0,0,0,1,0,0,1,0,0,1,0,1,0,1,4.98,TEST
13,2,1,2,2026,0,0,0,0,0,0,1,0,0,1,1,0,0,0,0,1,0,0,1,1,0,0,0,0,1,1,31.5,TEST
13,0,2,2,2026,1,0,0,0,0,1,0,0,0,0,1,0,0,0,0,1,0,1,0,1,0,0,0,0,1,1,41.2,TEST
14,1,2,2,2026,0,0,0,0,0,1,0,0,0,0,1,0,0,0,0,1,0,1,0,1,0,0,0,0,1,1,26.9,TEST
15,2,2,2,2026,0,0,0,0,0,0,1,0,0,1,1,0,0,0,0,1,0,0,1,1,0,0,0,0,1,1,46.9,TEST
15,2,2,2,2026,0,0,0,0,0,0,1,0,0,1,1,0,0,0,0,1,0,0,1,1,0,0,0,0,1,1,70.5,TEST
15,3,3,2,2026,0,0,0,0,0,0,1,0,0,1,1,0,0,0,0,1,0,0,1,1,0,0,0,0,1,0,-77.13,TEST
14,3,4,2,2026,0,0,1,0,0,1,0,0,0,0,1,0,0,0,0,1,0,1,0,1,0,0,0,0,1,1,8.74,TEST
14,3,4,2,2026,0,0,1,0,0,1,0,0,0,0,1,0,0,0,0,1,0,1,0,1,0,0,0,0,1,0,-48.74,TEST
