time,open,high,low,close,tick_volume
2025-01-02 00:00:00,196.687,196.792,196.607,196.755,680
2025-01-02 01:00:00,196.704,197.521,196.653,197.427,2364
2025-01-02 02:00:00,197.439,197.467,196.921,197.038,3228
2025-01-02 03:00:00,197.042,197.309,197.01,197.197,3498
2025-01-02 04:00:00,197.196,197.197,197.067,197.124,2551
2025-01-02 05:00:00,197.125,197.137,196.939,197.015,2044
2025-01-02 06:00:00,197.017,197.018,196.771,196.807,1801
2025-01-02 07:00:00,196.806,197.015,196.748,197.009,1882
2025-01-02 08:00:00,197.007,197.009,196.281,196.281,2581
2025-01-02 09:00:00,196.283,196.435,195.984,196.169,3961
2025-01-02 10:00:00,196.189,196.336,195.552,195.933,4532
2025-01-02 11:00:00,195.93,196.037,195.673,195.706,4100
2025-01-02 12:00:00,195.706,196.048,195.541,195.573,4340
2025-01-02 13:00:00,195.565,195.771,195.465,195.763,4260
2025-01-02 14:00:00,195.765,195.808,195.043,195.087,4238
2025-01-02 15:00:00,195.087,195.095,194.363,194.528,5180
2025-01-02 16:00:00,194.506,194.868,194.231,194.695,5312
2025-01-02 17:00:00,194.687,194.798,194.193,194.464,5794
2025-01-02 18:00:00,194.465,195.121,194.393,195.089,5389
2025-01-02 19:00:00,195.081,195.318,194.738,194.929,4965
2025-01-02 20:00:00,194.929,195.053,194.802,194.811,4401
2025-01-02 21:00:00,194.817,195.094,194.784,194.951,4041
2025-01-02 22:00:00,194.952,195.181,194.952,195.111,3915
2025-01-02 23:00:00,195.108,195.122,194.849,194.856,1356
2025-01-03 00:00:00,194.802,194.997,194.672,194.924,605
2025-01-03 01:00:00,194.928,195.018,194.785,194.798,1725
2025-01-03 02:00:00,194.801,194.898,194.677,194.729,2897
2025-01-03 03:00:00,194.727,194.928,194.695,194.797,2708
2025-01-03 04:00:00,194.797,194.948,194.751,194.919,2650
2025-01-03 05:00:00,194.917,195.148,194.826,194.958,2102
2025-01-03 06:00:00,194.961,195.056,194.891,194.935,2027
2025-01-03 07:00:00,194.938,195.002,194.869,194.969,2310
2025-01-03 08:00:00,194.966,195.029,194.895,194.946,2296
2025-01-03 09:00:00,194.927,194.962,194.637,194.83,4045
2025-01-03 10:00:00,194.839,195.125,194.839,194.982,3997
2025-01-03 11:00:00,194.961,195.172,194.913,195.078,3915
2025-01-03 12:00:00,195.078,195.098,194.724,195.013,3692
2025-01-03 13:00:00,195.02,195.248,195.015,195.091,3522
2025-01-03 14:00:00,195.089,195.138,194.877,194.974,3734
2025-01-03 15:00:00,194.977,195.062,194.826,194.93,4014
2025-01-03 16:00:00,194.931,195.238,194.833,194.963,4125
2025-01-03 17:00:00,195.07,195.3,194.98,195.238,5457
2025-01-03 18:00:00,195.236,195.361,195.119,195.206,4355
2025-01-03 19:00:00,195.204,195.23,194.933,195.168,3930
2025-01-03 20:00:00,195.168,195.275,195.142,195.196,3157
2025-01-03 21:00:00,195.191,195.373,195.182,195.363,3119
2025-01-03 22:00:00,195.362,195.52,195.314,195.512,3292
2025-01-03 23:00:00,195.509,195.533,195.257,195.378,1164
2025-01-06 00:00:00,195.126,195.42,195.081,195.337,635
2025-01-06 01:00:00,195.342,195.785,195.342,195.693,2288
2025-01-06 02:00:00,195.695,196.011,195.686,195.874,3846
2025-01-06 03:00:00,195.874,196.069,195.775,195.988,3412
2025-01-06 04:00:00,195.989,196.246,195.956,196.185,3072
2025-01-06 05:00:00,196.181,196.229,196.005,196.123,2661
2025-01-06 06:00:00,196.124,196.188,196.031,196.156,2277
2025-01-06 07:00:00,196.157,196.344,196.12,196.216,2490
2025-01-06 08:00:00,196.217,196.264,196.126,196.15,2693
2025-01-06 09:00:00,196.135,196.408,196.027,196.327,3204
2025-01-06 10:00:00,196.331,196.798,196.329,196.759,4252
2025-01-06 11:00:00,196.758,197.007,196.601,196.785,4123
2025-01-06 12:00:00,196.791,196.969,196.588,196.799,3748
2025-01-06 13:00:00,196.789,197.407,196.711,197.179,5692
2025-01-06 14:00:00,197.187,197.233,196.344,196.522,5213
2025-01-06 15:00:00,196.53,196.576,195.943,196.295,5388
2025-01-06 16:00:00,196.294,196.88,195.83,196.774,5700
2025-01-06 17:00:00,196.771,197.11,196.719,197.03,5553
2025-01-06 18:00:00,197.027,197.39,196.934,197.338,4579
2025-01-06 19:00:00,197.338,197.339,196.974,197.163,3810
2025-01-06 20:00:00,197.167,197.248,197.011,197.039,3644
2025-01-06 21:00:00,197.041,197.184,196.95,197.126,3561
2025-01-06 22:00:00,197.119,197.336,197.092,197.326,3207
2025-01-06 23:00:00,197.325,197.405,197.195,197.201,1277
2025-01-07 00:00:00,197.205,197.329,196.984,197.253,601
2025-01-07 01:00:00,197.248,197.436,197.244,197.323,1822
2025-01-07 02:00:00,197.324,197.915,197.324,197.825,4059
2025-01-07 03:00:00,197.823,198.207,197.731,198.193,3774
2025-01-07 04:00:00,198.191,198.201,198.114,198.12,178
2025-01-07 07:00:00,198.1,198.171,197.873,197.92,2855
2025-01-07 08:00:00,197.919,197.932,197.718,197.78,3035
2025-01-07 09:00:00,197.759,197.94,197.644,197.688,4440
2025-01-07 10:00:00,197.687,197.821,197.322,197.73,4499
2025-01-07 11:00:00,197.919,198.056,197.884,197.982,319
2025-01-07 12:00:00,197.977,198.155,197.842,198.106,3942
2025-01-07 13:00:00,198.106,198.124,197.729,197.765,3607
2025-01-07 14:00:00,197.763,197.931,197.558,197.597,3940
2025-01-07 15:00:00,197.599,197.843,197.516,197.752,4131
2025-01-07 16:00:00,197.749,197.844,197.537,197.592,4528
2025-01-07 17:00:00,197.652,197.964,197.201,197.366,5921
2025-01-07 18:00:00,197.38,197.448,197.004,197.225,5341
2025-01-07 19:00:00,197.223,197.304,196.991,197.114,4667
2025-01-07 20:00:00,197.114,197.182,197.008,197.114,4073
2025-01-07 21:00:00,197.116,197.165,197.049,197.062,3414
2025-01-07 22:00:00,197.064,197.065,196.87,197.019,3711
2025-01-07 23:00:00,197.02,197.254,197.011,197.117,1502
2025-01-08 00:00:00,197.091,197.179,197.048,197.126,331
2025-01-08 01:00:00,197.123,197.435,197.123,197.394,2306
2025-01-08 02:00:00,197.39,197.407,197.045,197.359,3695
2025-01-08 03:00:00,197.361,197.367,197.11,197.223,3138
2025-01-08 04:00:00,197.222,197.466,197.187,197.406,2445
2025-01-08 05:00:00,197.403,197.527,197.363,197.404,2406
2025-01-08 06:00:00,197.404,197.531,197.383,197.496,1894
2025-01-08 07:00:00,197.497,197.53,197.388,197.525,2310
2025-01-08 08:00:00,197.523,197.544,197.33,197.394,2690
2025-01-08 09:00:00,197.374,197.374,196.945,197.132,4146
2025-01-08 10:00:00,197.13,197.221,196.856,196.88,4281
2025-01-08 11:00:00,196.878,196.95,196.722,196.909,3813
2025-01-08 12:00:00,196.906,197.088,196.814,197.067,3607
2025-01-08 13:00:00,197.059,197.066,195.398,195.935,5169
2025-01-08 14:00:00,195.946,195.953,195.264,195.543,5088
2025-01-08 15:00:00,195.541,195.595,195.137,195.496,5586
2025-01-08 16:00:00,195.488,195.59,195.115,195.204,5192
2025-01-08 17:00:00,195.196,195.534,195.125,195.471,5163
2025-01-08 18:00:00,195.475,195.817,195.39,195.766,4469
2025-01-08 19:00:00,195.768,195.81,195.484,195.549,4217
2025-01-08 20:00:00,195.546,195.911,195.54,195.763,4037
2025-01-08 21:00:00,195.759,196.009,195.757,195.813,4200
2025-01-08 22:00:00,195.803,195.816,195.69,195.767,3621
2025-01-08 23:00:00,195.769,195.876,195.638,195.648,1328
2025-01-09 00:00:00,195.661,195.747,195.512,195.681,337
2025-01-09 01:00:00,195.656,195.805,195.478,195.483,1698
2025-01-09 02:00:00,195.482,195.6,195.345,195.545,2986
2025-01-09 03:00:00,195.546,195.6,195.333,195.394,2993
2025-01-09 04:00:00,195.384,195.44,195.327,195.398,2363
2025-01-09 05:00:00,195.399,195.402,194.968,194.995,2582
2025-01-09 06:00:00,194.989,194.991,194.587,194.784,2728
2025-01-09 07:00:00,194.784,195.08,194.728,194.907,2999
2025-01-09 08:00:00,194.91,194.939,194.369,194.416,3670
2025-01-09 09:00:00,194.414,194.691,193.75,193.915,4536
2025-01-09 10:00:00,193.92,194.419,193.685,194.297,4931
2025-01-09 11:00:00,194.297,194.488,194.079,194.142,4266
2025-01-09 12:00:00,194.14,194.179,193.623,194.087,4101
2025-01-09 13:00:00,194.085,194.217,193.862,194.039,4181
2025-01-09 14:00:00,194.038,194.07,193.473,193.91,4032
2025-01-09 15:00:00,193.915,194.29,193.783,193.919,4461
2025-01-09 16:00:00,193.917,194.345,193.913,194.333,3883
2025-01-09 17:00:00,194.333,194.409,194.166,194.344,3999
2025-01-09 18:00:00,194.34,194.366,194.088,194.364,3484
2025-01-09 19:00:00,194.364,194.591,194.357,194.482,3058
2025-01-09 20:00:00,194.48,194.596,194.431,194.526,2172
2025-01-09 21:00:00,194.525,194.671,194.502,194.611,1561
2025-01-09 22:00:00,194.611,194.704,194.562,194.649,1452
2025-01-09 23:00:00,194.649,194.649,194.564,194.564,868
2025-01-10 00:00:00,194.482,194.701,194.461,194.628,458
2025-01-10 01:00:00,194.624,194.637,194.328,194.358,1349
2025-01-10 02:00:00,194.35,194.636,194.236,194.295,2951
2025-01-10 03:00:00,194.296,194.645,194.23,194.552,3386
2025-01-10 04:00:00,194.553,194.762,194.526,194.738,2746
2025-01-10 05:00:00,194.737,194.744,194.62,194.635,2290
2025-01-10 06:00:00,194.634,194.758,194.634,194.709,2264
2025-01-10 07:00:00,194.711,194.768,194.419,194.465,2740
2025-01-10 08:00:00,194.465,194.536,194.224,194.23,3173
2025-01-10 09:00:00,194.229,194.732,194.217,194.664,3653
2025-01-10 10:00:00,194.658,194.733,193.83,193.933,4623
2025-01-10 11:00:00,193.934,194.333,193.687,194.282,4405
2025-01-10 12:00:00,194.284,194.429,194.035,194.354,3842
2025-01-10 13:00:00,194.354,194.609,194.21,194.361,3643
2025-01-10 14:00:00,194.364,194.597,194.309,194.572,3840
2025-01-10 15:00:00,194.559,194.689,193.665,193.926,5426
2025-01-10 16:00:00,193.926,193.987,193.195,193.338,6088
2025-01-10 17:00:00,193.417,193.521,192.671,192.677,6159
2025-01-10 18:00:00,192.68,192.751,192.203,192.559,5264
2025-01-10 19:00:00,192.565,192.772,192.517,192.702,4606
2025-01-10 20:00:00,192.694,192.871,192.645,192.837,3918
2025-01-10 21:00:00,192.84,192.903,192.682,192.759,4003
2025-01-10 22:00:00,192.759,192.794,192.589,192.677,3587
2025-01-10 23:00:00,192.676,192.68,192.472,192.52,1644
2025-01-13 00:00:00,192.37,192.562,192.196,192.504,632
2025-01-13 01:00:00,192.497,192.725,192.442,192.701,2279
2025-01-13 02:00:00,192.682,192.75,192.511,192.519,2249
2025-01-13 03:00:00,192.52,192.607,191.7,191.94,3390
2025-01-13 04:00:00,191.939,192.131,191.869,191.87,3083
2025-01-13 05:00:00,191.869,191.91,191.103,191.137,3016
2025-01-13 06:00:00,191.164,191.442,190.946,191.238,2697
2025-01-13 07:00:00,191.239,191.261,190.833,191.2,2577
2025-01-13 08:00:00,191.199,191.512,191.067,191.292,3131
2025-01-13 09:00:00,191.267,191.453,190.796,191.122,4521
2025-01-13 10:00:00,191.126,191.727,191.104,191.261,5007
2025-01-13 11:00:00,191.277,191.292,190.071,190.197,5295
2025-01-13 12:00:00,190.191,191.014,190.142,190.983,4688
2025-01-13 13:00:00,190.996,191.103,190.497,190.503,4088
2025-01-13 14:00:00,190.494,190.781,190.288,190.363,4741
2025-01-13 15:00:00,190.368,190.928,190.289,190.858,4831
2025-01-13 16:00:00,190.842,191.285,190.642,191.185,5265
2025-01-13 17:00:00,191.185,191.538,191.049,191.399,5268
2025-01-13 18:00:00,191.397,191.754,191.304,191.454,4778
2025-01-13 19:00:00,191.454,191.624,191.424,191.527,4093
2025-01-13 20:00:00,191.533,191.875,191.399,191.801,3693
2025-01-13 21:00:00,191.803,192.01,191.651,192.003,3488
2025-01-13 22:00:00,192.001,192.055,191.83,191.946,3299
2025-01-13 23:00:00,191.952,192.198,191.865,192.037,2264
2025-01-14 00:00:00,192.026,192.649,191.808,192.448,895
2025-01-14 01:00:00,192.436,192.565,192.293,192.403,2853
2025-01-14 02:00:00,192.404,192.426,192.104,192.36,3872
2025-01-14 03:00:00,192.343,192.897,191.93,192.243,4191
2025-01-14 04:00:00,192.248,192.451,192.094,192.411,2972
2025-01-14 05:00:00,192.409,192.663,192.318,192.352,2916
2025-01-14 06:00:00,192.349,192.447,192.195,192.288,2372
2025-01-14 07:00:00,192.285,192.436,192.1,192.285,2952
2025-01-14 08:00:00,192.293,192.512,192.249,192.334,3381
2025-01-14 09:00:00,192.343,192.475,192.144,192.334,4652
2025-01-14 10:00:00,192.334,192.784,192.172,192.595,4940
2025-01-14 11:00:00,192.577,192.766,192.288,192.333,4531
2025-01-14 12:00:00,192.325,192.514,192.25,192.347,3867
2025-01-14 13:00:00,192.344,192.532,192.205,192.313,3704
2025-01-14 14:00:00,192.309,192.495,191.98,192.022,4307
2025-01-14 15:00:00,192.01,192.01,191.489,191.728,5269
2025-01-14 16:00:00,191.739,192.044,191.654,191.831,5269
2025-01-14 17:00:00,191.828,192.819,191.828,192.712,5458
2025-01-14 18:00:00,192.709,192.836,192.325,192.46,5211
2025-01-14 19:00:00,192.457,192.725,192.281,192.685,4316
2025-01-14 20:00:00,192.683,192.931,192.662,192.865,3491
2025-01-14 21:00:00,192.866,192.973,192.633,192.672,3329
2025-01-14 22:00:00,192.675,192.832,192.554,192.809,3683
2025-01-14 23:00:00,192.808,192.978,192.782,192.92,2094
2025-01-15 00:00:00,192.904,192.969,192.738,192.848,644
2025-01-15 01:00:00,192.831,192.995,192.805,192.989,1944
2025-01-15 02:00:00,192.988,192.994,192.703,192.76,2934
2025-01-15 03:00:00,192.759,192.938,192.572,192.624,3062
2025-01-15 04:00:00,192.627,192.677,192.55,192.632,2659
2025-01-15 05:00:00,192.624,192.708,192.56,192.673,2325
2025-01-15 06:00:00,192.671,192.702,192.266,192.33,2449
2025-01-15 07:00:00,192.326,192.326,191.846,191.919,3572
2025-01-15 08:00:00,191.92,192.126,191.831,191.874,3102
2025-01-15 09:00:00,191.873,192.144,191.272,191.915,5014
2025-01-15 10:00:00,191.928,191.985,191.604,191.772,4752
2025-01-15 11:00:00,191.772,191.812,191.342,191.659,4349
2025-01-15 12:00:00,191.658,191.845,191.633,191.707,3715
2025-01-15 13:00:00,191.703,192.003,191.643,191.933,3442
2025-01-15 14:00:00,191.934,191.954,191.538,191.719,3589
2025-01-15 15:00:00,191.717,192.384,191.687,192.315,5269
2025-01-15 16:00:00,192.323,192.388,191.687,191.722,5767
2025-01-15 17:00:00,191.714,191.858,191.435,191.571,5328
2025-01-15 18:00:00,191.572,191.751,191.081,191.226,5177
2025-01-15 19:00:00,191.228,191.368,191.142,191.213,4088
2025-01-15 20:00:00,191.218,191.409,191.179,191.368,3168
2025-01-15 21:00:00,191.37,191.441,191.319,191.356,2712
2025-01-15 22:00:00,191.358,191.589,191.351,191.531,2542
2025-01-15 23:00:00,191.527,191.609,191.381,191.438,1676
2025-01-16 00:00:00,191.455,191.54,191.246,191.293,827
2025-01-16 01:00:00,191.321,191.401,191.24,191.251,1099
2025-01-16 02:00:00,191.253,191.533,191.223,191.255,3399
2025-01-16 03:00:00,191.248,191.248,190.134,190.22,4422
2025-01-16 04:00:00,190.218,190.402,189.82,190.336,3976
2025-01-16 05:00:00,190.333,190.551,190.309,190.442,2997
2025-01-16 06:00:00,190.442,190.543,190.307,190.537,2514
2025-01-16 07:00:00,190.538,190.635,190.485,190.591,2876
2025-01-16 08:00:00,190.593,190.929,190.527,190.732,3526
2025-01-16 09:00:00,190.672,190.897,190.457,190.835,4298
2025-01-16 10:00:00,190.837,190.914,190.251,190.273,4367
2025-01-16 11:00:00,190.274,190.365,189.792,189.896,4076
2025-01-16 12:00:00,189.894,190.129,189.773,189.947,3824
2025-01-16 13:00:00,189.948,190.334,189.932,190.204,3540
2025-01-16 14:00:00,190.199,190.531,190.169,190.407,4164
2025-01-16 15:00:00,190.403,190.499,190.063,190.155,5097
2025-01-16 16:00:00,190.164,190.51,189.985,190.435,5043
2025-01-16 17:00:00,190.426,190.436,190.033,190.144,5762
2025-01-16 18:00:00,190.149,190.32,189.875,190.292,5259
2025-01-16 19:00:00,190.296,190.486,189.955,189.992,4261
2025-01-16 20:00:00,189.991,190.086,189.887,190.025,3632
2025-01-16 21:00:00,190.022,190.062,189.842,189.996,3166
2025-01-16 22:00:00,189.998,190.011,189.777,189.82,2767
2025-01-16 23:00:00,189.816,189.895,189.761,189.847,1633
2025-01-17 00:00:00,189.786,189.939,189.696,189.849,592
2025-01-17 01:00:00,189.849,190.115,189.822,190.076,1725
2025-01-17 02:00:00,190.07,190.201,189.605,189.879,3668
2025-01-17 03:00:00,189.881,190.075,189.783,189.857,3245
2025-01-17 04:00:00,189.865,190.219,189.848,190.143,3011
2025-01-17 05:00:00,190.145,190.201,190.01,190.151,2483
2025-01-17 06:00:00,190.151,190.207,189.852,189.886,2230
2025-01-17 07:00:00,189.883,190.168,189.86,190.046,2823
2025-01-17 08:00:00,190.047,190.15,189.906,190.038,2878
2025-01-17 09:00:00,189.931,189.97,189.33,189.434,4419
2025-01-17 10:00:00,189.451,189.834,189.321,189.796,4212
2025-01-17 11:00:00,189.795,190.076,189.55,189.925,4220
2025-01-17 12:00:00,189.933,190.144,189.852,190.034,3535
2025-01-17 13:00:00,190.031,190.17,189.849,189.884,3483
2025-01-17 14:00:00,189.877,189.896,189.657,189.767,4011
2025-01-17 15:00:00,189.766,189.818,189.482,189.645,4309
2025-01-17 16:00:00,189.648,190.344,189.424,190.262,5174
2025-01-17 17:00:00,190.268,190.599,190.177,190.406,5281
2025-01-17 18:00:00,190.396,190.581,190.277,190.351,4483
2025-01-17 19:00:00,190.339,190.363,190.146,190.208,3591
2025-01-17 20:00:00,190.207,190.268,190.038,190.139,3041
2025-01-17 21:00:00,190.139,190.174,189.988,189.993,3027
2025-01-17 22:00:00,189.992,190.08,189.961,190.038,2885
2025-01-17 23:00:00,190.035,190.195,189.995,190.163,1338
2025-01-20 00:00:00,190.086,190.323,189.968,190.277,609
2025-01-20 01:00:00,190.277,190.443,190.142,190.297,2466
2025-01-20 02:00:00,190.299,190.438,190.053,190.062,3321
2025-01-20 03:00:00,190.061,190.162,189.883,190.1,3457
2025-01-20 04:00:00,190.099,190.238,190.051,190.131,3008
2025-01-20 05:00:00,190.131,190.187,189.978,190.072,2406
2025-01-20 06:00:00,190.073,190.428,190.043,190.391,2102
2025-01-20 07:00:00,190.392,190.556,190.305,190.55,2223
2025-01-20 08:00:00,190.55,190.858,190.453,190.8,2860
2025-01-20 09:00:00,190.802,190.873,190.489,190.548,3522
2025-01-20 10:00:00,190.549,190.682,190.308,190.401,4193
2025-01-20 11:00:00,190.398,190.479,190.125,190.315,3882
2025-01-20 12:00:00,190.322,190.671,190.305,190.609,3572
2025-01-20 13:00:00,190.61,190.897,190.603,190.825,3061
2025-01-20 14:00:00,190.827,190.835,190.583,190.744,3403
2025-01-20 15:00:00,190.751,191.647,190.555,191.515,4901
2025-01-20 16:00:00,191.514,191.579,191.19,191.424,5737
2025-01-20 17:00:00,191.417,191.643,191.286,191.375,5035
2025-01-20 18:00:00,191.378,191.512,191.268,191.407,3391
2025-01-20 19:00:00,191.402,191.519,191.136,191.385,4429
2025-01-20 20:00:00,191.387,191.627,191.3,191.569,2450
2025-01-20 21:00:00,191.572,191.979,191.572,191.971,2409
2025-01-20 22:00:00,191.97,192.01,191.791,191.838,2977
2025-01-20 23:00:00,191.837,191.881,191.697,191.756,2899
2025-01-21 00:00:00,191.746,191.824,191.538,191.813,725
2025-01-21 01:00:00,191.763,191.855,191.369,191.474,3456
2025-01-21 02:00:00,191.488,191.578,190.975,191.259,4980
2025-01-21 03:00:00,191.255,191.603,190.846,190.929,5542
2025-01-21 04:00:00,190.927,190.993,190.471,190.655,4605
2025-01-21 05:00:00,190.652,190.802,190.51,190.789,3907
2025-01-21 06:00:00,190.79,190.818,190.631,190.7,2802
2025-01-21 07:00:00,190.705,190.768,190.59,190.659,2861
2025-01-21 08:00:00,190.663,190.853,190.626,190.674,3645
2025-01-21 09:00:00,190.656,191.134,190.568,190.964,4436
2025-01-21 10:00:00,190.962,190.987,190.675,190.89,4562
2025-01-21 11:00:00,190.885,191.024,190.771,190.926,4584
2025-01-21 12:00:00,190.921,191.102,190.823,191.047,4312
2025-01-21 13:00:00,191.048,191.071,190.71,190.766,4271
2025-01-21 14:00:00,190.771,190.88,190.705,190.795,4497
2025-01-21 15:00:00,190.793,190.96,190.646,190.913,4786
2025-01-21 16:00:00,190.925,191.235,190.832,191.059,5184
2025-01-21 17:00:00,191.052,191.278,190.99,191.042,5534
2025-01-21 18:00:00,191.038,191.754,191.006,191.721,4612
2025-01-21 19:00:00,191.711,191.817,191.677,191.752,3780
2025-01-21 20:00:00,191.75,191.89,191.714,191.827,3315
2025-01-21 21:00:00,191.826,191.826,191.698,191.755,2978
2025-01-21 22:00:00,191.756,191.908,191.743,191.893,2536
2025-01-21 23:00:00,191.892,192.176,191.884,192.062,1412
2025-01-22 00:00:00,192.02,192.071,191.683,191.955,701
2025-01-22 01:00:00,191.95,192.285,191.91,192.151,3260
2025-01-22 02:00:00,192.152,192.216,191.866,191.959,3865
2025-01-22 03:00:00,191.96,192.109,191.867,191.99,3580
2025-01-22 04:00:00,191.988,192.153,191.951,192.126,2999
2025-01-22 05:00:00,192.127,192.331,192.007,192.286,2502
2025-01-22 06:00:00,192.286,192.336,192.167,192.305,2301
2025-01-22 07:00:00,192.306,192.415,192.267,192.349,2491
2025-01-22 08:00:00,192.35,192.368,191.957,192.071,3288
2025-01-22 09:00:00,192.078,192.264,191.892,192.221,4247
2025-01-22 10:00:00,192.219,192.319,191.693,192.133,4690
2025-01-22 11:00:00,192.146,192.479,192.114,192.472,4563
2025-01-22 12:00:00,192.469,192.737,192.411,192.64,3879
2025-01-22 13:00:00,192.635,192.73,192.503,192.598,3564
2025-01-22 14:00:00,192.595,192.741,192.499,192.517,3907
2025-01-22 15:00:00,192.516,192.752,192.383,192.446,4429
2025-01-22 16:00:00,192.442,192.679,192.26,192.627,4943
2025-01-22 17:00:00,192.626,192.679,192.406,192.659,4978
2025-01-22 18:00:00,192.645,193.002,192.556,192.98,4363
2025-01-22 19:00:00,192.98,193.001,192.834,192.967,3507
2025-01-22 20:00:00,192.974,192.998,192.839,192.955,3274
2025-01-22 21:00:00,192.956,192.997,192.834,192.917,3029
2025-01-22 22:00:00,192.912,192.931,192.786,192.806,2866
2025-01-22 23:00:00,192.805,192.85,192.667,192.68,1413
2025-01-23 00:00:00,192.674,192.753,192.539,192.553,504
2025-01-23 01:00:00,192.553,192.656,192.513,192.605,1208
2025-01-23 02:00:00,192.623,192.66,192.509,192.591,1690
2025-01-23 03:00:00,192.597,192.737,192.522,192.714,2693
2025-01-23 04:00:00,192.712,192.715,192.545,192.628,2274
2025-01-23 05:00:00,192.626,192.752,192.603,192.726,2064
2025-01-23 06:00:00,192.725,192.923,192.706,192.906,1429
2025-01-23 07:00:00,192.908,192.998,192.905,192.922,1912
2025-01-23 08:00:00,192.925,192.977,192.706,192.759,2143
2025-01-23 09:00:00,192.759,192.815,192.551,192.704,2975
2025-01-23 10:00:00,192.7,192.717,192.392,192.407,3129
2025-01-23 11:00:00,192.41,192.665,192.408,192.606,2976
2025-01-23 12:00:00,192.615,192.745,192.385,192.686,2622
2025-01-23 13:00:00,192.688,192.881,192.592,192.679,2658
2025-01-23 14:00:00,192.677,192.711,192.48,192.606,2790
2025-01-23 15:00:00,192.604,192.618,192.377,192.488,4092
2025-01-23 16:00:00,192.486,192.745,192.442,192.641,3846
2025-01-23 17:00:00,192.644,192.716,192.394,192.443,4230
2025-01-23 18:00:00,192.443,192.656,192.269,192.594,4452
2025-01-23 19:00:00,192.599,192.931,192.59,192.902,2995
2025-01-23 20:00:00,192.897,192.898,192.696,192.787,2272
2025-01-23 21:00:00,192.785,192.823,192.519,192.556,2764
2025-01-23 22:00:00,192.551,192.715,192.518,192.684,2212
2025-01-23 23:00:00,192.7,192.773,192.635,192.722,1036
2025-01-24 00:00:00,192.65,192.76,192.62,192.682,386
2025-01-24 01:00:00,192.673,192.922,192.585,192.881,1749
2025-01-24 02:00:00,192.887,193.057,192.721,193.045,2088
2025-01-24 03:00:00,193.049,193.12,192.912,193.108,2188
2025-01-24 04:00:00,193.112,193.51,193.094,193.374,3619
2025-01-24 05:00:00,193.366,193.698,192.526,192.678,3752
2025-01-24 06:00:00,192.68,192.706,192.061,192.366,3084
2025-01-24 07:00:00,192.363,192.699,192.236,192.627,2336
2025-01-24 08:00:00,192.624,193.229,192.231,192.618,4085
2025-01-24 09:00:00,192.625,192.768,192.321,192.473,4695
2025-01-24 10:00:00,192.472,192.815,192.079,192.73,4562
2025-01-24 11:00:00,192.73,193.416,192.521,193.353,4311
2025-01-24 12:00:00,193.348,193.859,193.31,193.789,3981
2025-01-24 13:00:00,193.789,193.967,193.556,193.79,3519
2025-01-24 14:00:00,193.779,194.166,193.756,194.146,3792
2025-01-24 15:00:00,194.152,194.253,193.94,194.054,4290
2025-01-24 16:00:00,194.054,194.504,193.939,194.402,4389
2025-01-24 17:00:00,194.298,194.499,194.111,194.393,5125
2025-01-24 18:00:00,194.383,194.564,194.331,194.386,4266
2025-01-24 19:00:00,194.386,194.585,194.34,194.485,3381
2025-01-24 20:00:00,194.48,194.741,194.468,194.608,3116
2025-01-24 21:00:00,194.617,194.65,194.436,194.494,2798
2025-01-24 22:00:00,194.499,194.657,194.462,194.647,2591
2025-01-24 23:00:00,194.648,194.732,194.588,194.658,2093
2025-01-27 00:00:00,193.902,194.599,193.902,194.227,660
2025-01-27 01:00:00,194.236,194.323,193.843,193.991,2360
2025-01-27 02:00:00,194.01,194.082,193.616,193.716,2711
2025-01-27 03:00:00,193.715,193.793,193.464,193.548,3649
2025-01-27 04:00:00,193.547,193.81,193.455,193.769,3156
2025-01-27 05:00:00,193.77,194.088,193.727,194.043,3009
2025-01-27 06:00:00,194.045,194.305,194.033,194.249,2477
2025-01-27 07:00:00,194.249,194.258,194.07,194.243,3009
2025-01-27 08:00:00,194.24,194.64,194.221,194.235,3407
2025-01-27 09:00:00,194.236,194.236,193.735,193.739,4158
2025-01-27 10:00:00,193.723,193.772,193.152,193.249,4845
2025-01-27 11:00:00,193.245,193.313,192.587,193.035,5224
2025-01-27 12:00:00,193.008,193.011,192.151,192.389,5486
2025-01-27 13:00:00,192.374,192.679,192.199,192.403,5293
2025-01-27 14:00:00,192.399,192.877,192.351,192.751,4831
2025-01-27 15:00:00,192.739,193.136,192.606,192.792,5264
2025-01-27 16:00:00,192.796,193.02,192.512,192.952,4811
2025-01-27 17:00:00,192.944,193.055,192.475,192.512,5355
2025-01-27 18:00:00,192.508,192.616,192.171,192.41,5071
2025-01-27 19:00:00,192.413,192.633,192.385,192.466,4729
2025-01-27 20:00:00,192.464,192.811,192.418,192.686,4335
2025-01-27 21:00:00,192.685,193.151,192.685,193.022,4222
2025-01-27 22:00:00,193.021,193.265,192.977,193.08,3727
2025-01-27 23:00:00,193.08,193.221,193.038,193.047,2464
2025-01-28 00:00:00,193.039,193.117,192.916,193.046,522
2025-01-28 01:00:00,193.055,193.12,192.703,192.889,4093
2025-01-28 02:00:00,192.87,193.252,192.813,193.252,3882
2025-01-28 03:00:00,193.261,193.745,193.254,193.58,3343
2025-01-28 04:00:00,193.569,193.729,193.497,193.583,3671
2025-01-28 05:00:00,193.579,193.842,193.513,193.735,2877
2025-01-28 06:00:00,193.733,193.959,193.722,193.864,2903
2025-01-28 07:00:00,193.865,193.927,193.734,193.759,2485
2025-01-28 08:00:00,193.762,193.866,193.602,193.796,3058
2025-01-28 09:00:00,193.769,193.865,193.662,193.838,3874
2025-01-28 10:00:00,193.849,193.973,193.442,193.603,4218
2025-01-28 11:00:00,193.59,194.019,193.323,193.498,3993
2025-01-28 12:00:00,193.484,193.562,193.177,193.341,3401
2025-01-28 13:00:00,193.339,193.413,192.991,193.137,3015
2025-01-28 14:00:00,193.14,193.181,192.92,192.954,3644
2025-01-28 15:00:00,192.939,193.17,192.925,193.164,4131
2025-01-28 16:00:00,193.166,193.403,192.765,192.947,4186
2025-01-28 17:00:00,193.016,193.613,192.907,193.589,4447
2025-01-28 18:00:00,193.583,193.769,193.337,193.468,4081
2025-01-28 19:00:00,193.467,193.555,193.365,193.39,3458
2025-01-28 20:00:00,193.388,193.511,193.305,193.507,3238
2025-01-28 21:00:00,193.506,193.595,193.361,193.536,2800
2025-01-28 22:00:00,193.531,193.576,193.414,193.474,2567
2025-01-28 23:00:00,193.476,193.515,193.422,193.448,1284
2025-01-29 00:00:00,193.432,193.525,193.364,193.442,447
2025-01-29 01:00:00,193.442,193.543,193.4,193.517,985
2025-01-29 02:00:00,193.519,193.645,193.415,193.551,2280
2025-01-29 03:00:00,193.555,193.738,193.5,193.636,2209
2025-01-29 04:00:00,193.636,193.752,193.568,193.683,2610
2025-01-29 05:00:00,193.67,193.67,193.354,193.465,2821
2025-01-29 06:00:00,193.464,193.491,193.29,193.382,2702
2025-01-29 07:00:00,193.382,193.384,193.03,193.05,2962
2025-01-29 08:00:00,193.049,193.506,193.049,193.334,3506
2025-01-29 09:00:00,193.339,193.505,193.24,193.304,4085
2025-01-29 10:00:00,193.316,193.452,192.945,192.985,3876
2025-01-29 11:00:00,192.981,193.07,192.883,192.946,3665
2025-01-29 12:00:00,192.938,193.024,192.819,192.913,3120
2025-01-29 13:00:00,192.916,193.109,192.856,193.015,2832
2025-01-29 14:00:00,193.011,193.087,192.887,193.034,3208
2025-01-29 15:00:00,193.032,193.039,192.476,192.696,4012
2025-01-29 16:00:00,192.683,192.895,192.51,192.544,4027
2025-01-29 17:00:00,192.551,192.971,192.544,192.735,4958
2025-01-29 18:00:00,192.727,193.0,192.693,192.96,4515
2025-01-29 19:00:00,192.96,193.181,192.9,192.909,3749
2025-01-29 20:00:00,192.918,193.142,192.846,193.05,3748
2025-01-29 21:00:00,193.052,193.339,192.956,193.187,5787
2025-01-29 22:00:00,193.179,193.317,193.038,193.244,4617
2025-01-29 23:00:00,193.243,193.319,193.111,193.185,3235
2025-01-30 00:00:00,193.184,193.236,192.918,193.166,1639
2025-01-30 01:00:00,193.126,193.266,193.091,193.261,1614
2025-01-30 02:00:00,193.258,193.274,192.601,192.68,2681
2025-01-30 03:00:00,192.679,192.679,192.286,192.506,3313
2025-01-30 04:00:00,192.51,192.537,192.113,192.171,3389
2025-01-30 05:00:00,192.17,192.433,192.111,192.411,2953
2025-01-30 06:00:00,192.411,192.515,192.377,192.404,2613
2025-01-30 07:00:00,192.403,192.434,192.162,192.297,2594
2025-01-30 08:00:00,192.293,192.436,192.01,192.107,2963
2025-01-30 09:00:00,192.111,192.463,191.996,192.362,3463
2025-01-30 10:00:00,192.461,192.582,192.315,192.393,3741
2025-01-30 11:00:00,192.403,192.403,192.052,192.169,3818
2025-01-30 12:00:00,192.168,192.263,191.925,192.04,3799
2025-01-30 13:00:00,192.038,192.164,191.998,192.114,3552
2025-01-30 14:00:00,192.111,192.151,191.632,191.727,3865
2025-01-30 15:00:00,191.726,191.907,191.447,191.873,5139
2025-01-30 16:00:00,191.872,192.238,191.86,192.002,5409
2025-01-30 17:00:00,191.988,192.162,191.749,192.148,5275
2025-01-30 18:00:00,192.149,192.427,192.035,192.261,4576
2025-01-30 19:00:00,192.261,192.271,191.936,192.007,4092
2025-01-30 20:00:00,192.008,192.352,192.004,192.275,3257
2025-01-30 21:00:00,192.281,192.281,191.989,192.002,3100
2025-01-30 22:00:00,192.004,192.04,191.554,191.809,4271
2025-01-30 23:00:00,191.799,191.866,191.456,191.513,4264
2025-01-31 00:00:00,191.48,191.537,191.343,191.396,517
2025-01-31 01:00:00,191.485,191.816,191.349,191.396,2341
2025-01-31 02:00:00,191.406,191.679,191.393,191.599,2833
2025-01-31 03:00:00,191.59,191.59,191.168,191.348,3365
2025-01-31 04:00:00,191.353,191.57,191.221,191.507,2601
2025-01-31 05:00:00,191.512,191.738,191.46,191.664,2293
2025-01-31 06:00:00,191.664,191.836,191.613,191.815,2140
2025-01-31 07:00:00,191.817,192.301,191.817,192.162,2661
2025-01-31 08:00:00,192.162,192.432,192.08,192.26,3070
2025-01-31 09:00:00,192.266,192.374,192.158,192.307,3995
2025-01-31 10:00:00,192.308,192.46,191.873,191.901,4024
2025-01-31 11:00:00,191.732,192.174,191.606,192.171,4204
2025-01-31 12:00:00,192.171,192.263,192.043,192.045,3596
2025-01-31 13:00:00,192.037,192.161,191.846,192.139,3477
2025-01-31 14:00:00,192.138,192.376,192.092,192.297,3377
2025-01-31 15:00:00,192.298,192.546,192.081,192.153,4749
2025-01-31 16:00:00,192.156,192.159,191.611,191.635,4740
2025-01-31 17:00:00,191.644,192.435,191.587,192.36,5292
2025-01-31 18:00:00,192.359,193.019,192.269,192.799,4335
2025-01-31 19:00:00,192.801,193.017,192.631,192.729,4797
2025-01-31 20:00:00,192.729,192.931,192.201,192.312,4783
2025-01-31 21:00:00,192.3,192.502,192.052,192.372,3934
2025-01-31 22:00:00,192.373,192.527,192.239,192.301,3739
2025-01-31 23:00:00,192.274,192.399,192.049,192.33,3701
2025-02-03 00:00:00,190.288,190.985,190.182,190.763,999
2025-02-03 01:00:00,190.703,191.316,190.5,190.914,5198
2025-02-03 02:00:00,190.928,191.454,190.843,191.137,5329
2025-02-03 03:00:00,191.125,191.652,191.041,191.327,5218
2025-02-03 04:00:00,191.325,191.374,190.66,190.713,4964
2025-02-03 05:00:00,190.717,190.909,190.598,190.862,3832
2025-02-03 06:00:00,190.862,191.115,190.684,190.864,4299
2025-02-03 07:00:00,190.861,191.01,190.759,190.984,3871
2025-02-03 08:00:00,190.992,191.109,190.774,190.918,4299
2025-02-03 09:00:00,190.926,191.421,190.926,191.162,4844
2025-02-03 10:00:00,191.158,191.564,191.038,191.297,4946
2025-02-03 11:00:00,191.299,191.359,190.485,190.521,4511
2025-02-03 12:00:00,190.487,190.928,190.486,190.765,4063
2025-02-03 13:00:00,190.763,190.814,190.237,190.458,4154
2025-02-03 14:00:00,190.469,190.808,190.396,190.791,4859
2025-02-03 15:00:00,190.801,191.329,190.752,191.218,4935
2025-02-03 16:00:00,191.227,191.227,190.711,190.843,5397
2025-02-03 17:00:00,191.113,192.252,190.022,192.038,6329
2025-02-03 18:00:00,192.031,192.306,191.57,191.585,5385
2025-02-03 19:00:00,191.588,191.893,191.35,191.675,4840
2025-02-03 20:00:00,191.665,192.086,191.442,192.017,3797
2025-02-03 21:00:00,192.017,192.253,191.889,191.979,3209
2025-02-03 22:00:00,191.982,192.008,191.8,191.868,2743
2025-02-03 23:00:00,191.872,192.82,191.785,192.635,3176
2025-02-04 00:00:00,192.583,192.687,192.202,192.478,1426
2025-02-04 01:00:00,192.512,193.142,192.505,193.038,3200
2025-02-04 02:00:00,193.036,193.09,192.827,192.946,3114
2025-02-04 03:00:00,192.945,192.963,192.575,192.661,3610
2025-02-04 04:00:00,192.666,192.854,192.615,192.773,2975
2025-02-04 05:00:00,192.772,192.775,192.654,192.671,2627
2025-02-04 06:00:00,192.671,192.711,192.616,192.665,2220
2025-02-04 07:00:00,192.666,192.671,191.768,192.464,5042
2025-02-04 08:00:00,192.467,192.641,192.385,192.62,3937
2025-02-04 09:00:00,192.586,192.879,192.546,192.834,3991
2025-02-04 10:00:00,192.836,193.156,192.466,192.816,4800
2025-02-04 11:00:00,192.825,193.036,192.767,193.002,4785
2025-02-04 12:00:00,193.004,193.123,192.808,192.93,3915
2025-02-04 13:00:00,192.908,192.953,192.617,192.644,3660
2025-02-04 14:00:00,192.651,192.79,192.553,192.765,3868
2025-02-04 15:00:00,192.766,193.074,192.761,192.958,4435
2025-02-04 16:00:00,192.958,193.1,192.789,192.919,4617
2025-02-04 17:00:00,192.928,193.086,192.593,192.971,5180
2025-02-04 18:00:00,192.966,193.094,192.747,192.937,4676
2025-02-04 19:00:00,192.938,192.985,192.468,192.562,3959
2025-02-04 20:00:00,192.558,192.678,192.443,192.616,3264
2025-02-04 21:00:00,192.615,192.641,192.464,192.569,3177
2025-02-04 22:00:00,192.576,192.65,192.494,192.643,2266
2025-02-04 23:00:00,192.639,192.675,192.538,192.546,1972
2025-02-05 00:00:00,192.524,192.623,192.49,192.564,510
2025-02-05 01:00:00,192.578,192.762,192.241,192.276,2463
2025-02-05 02:00:00,192.281,192.565,192.012,192.039,3272
2025-02-05 03:00:00,192.031,192.035,191.477,191.545,4587
2025-02-05 04:00:00,191.548,191.575,191.126,191.414,4053
2025-02-05 05:00:00,191.419,191.457,191.035,191.128,3276
2025-02-05 06:00:00,191.129,191.286,190.99,191.269,3169
2025-02-05 07:00:00,191.266,191.457,191.218,191.278,3133
2025-02-05 08:00:00,191.288,191.441,191.096,191.116,3354
2025-02-05 09:00:00,191.104,191.657,191.022,191.64,4178
2025-02-05 10:00:00,191.638,191.729,191.225,191.387,4291
2025-02-05 11:00:00,191.402,191.592,191.073,191.318,4464
2025-02-05 12:00:00,191.315,191.55,191.106,191.414,3947
2025-02-05 13:00:00,191.41,191.636,191.367,191.568,3440
2025-02-05 14:00:00,191.568,191.697,191.375,191.64,3375
2025-02-05 15:00:00,191.646,191.811,191.436,191.528,4813
2025-02-05 16:00:00,191.532,191.831,191.154,191.231,4347
2025-02-05 17:00:00,191.158,191.158,190.276,190.438,5577
2025-02-05 18:00:00,190.432,190.645,190.383,190.603,4786
2025-02-05 19:00:00,190.605,190.735,190.392,190.495,3700
2025-02-05 20:00:00,190.483,190.621,190.448,190.548,2898
2025-02-05 21:00:00,190.546,190.76,190.542,190.732,3209
2025-02-05 22:00:00,190.731,190.97,190.731,190.892,2966
2025-02-05 23:00:00,190.89,190.938,190.752,190.816,2155
2025-02-06 00:00:00,190.779,190.787,190.627,190.715,493
2025-02-06 01:00:00,190.71,190.951,190.576,190.823,1679
2025-02-06 02:00:00,190.814,190.9,190.445,190.485,3050
2025-02-06 03:00:00,190.485,190.523,189.894,190.153,4099
2025-02-06 04:00:00,190.135,190.28,190.021,190.222,3517
2025-02-06 05:00:00,190.226,190.254,189.959,190.204,2936
2025-02-06 06:00:00,190.2,190.281,190.065,190.26,2591
2025-02-06 07:00:00,190.254,190.463,190.062,190.268,3040
2025-02-06 08:00:00,190.266,190.507,190.254,190.507,2682
2025-02-06 09:00:00,190.507,190.59,190.209,190.315,3633
2025-02-06 10:00:00,190.319,190.332,189.896,189.987,4191
2025-02-06 11:00:00,189.988,190.274,189.599,189.681,4144
2025-02-06 12:00:00,189.682,189.748,189.244,189.408,3857
2025-02-06 13:00:00,189.411,189.49,189.221,189.339,4037
2025-02-06 14:00:00,189.298,189.431,188.35,188.557,4967
2025-02-06 15:00:00,188.556,188.832,188.237,188.318,4586
2025-02-06 16:00:00,188.314,188.645,188.289,188.49,4290
2025-02-06 17:00:00,188.489,188.722,188.274,188.298,4909
2025-02-06 18:00:00,188.304,189.052,188.299,189.008,4574
2025-02-06 19:00:00,189.005,189.102,188.833,188.943,3652
2025-02-06 20:00:00,188.948,189.023,188.378,188.391,4188
2025-02-06 21:00:00,188.383,188.419,188.059,188.263,3157
2025-02-06 22:00:00,188.252,188.505,188.242,188.504,2303
2025-02-06 23:00:00,188.487,188.495,188.233,188.241,1329
2025-02-07 00:00:00,188.248,188.312,188.161,188.223,520
2025-02-07 01:00:00,188.223,188.277,187.935,187.952,1614
2025-02-07 02:00:00,187.948,188.131,187.64,187.868,2761
2025-02-07 03:00:00,187.873,188.466,187.865,188.417,3484
2025-02-07 04:00:00,188.419,188.674,188.407,188.578,2951
2025-02-07 05:00:00,188.569,188.586,188.34,188.383,2962
2025-02-07 06:00:00,188.382,188.517,188.322,188.498,2486
2025-02-07 07:00:00,188.5,188.575,188.357,188.449,2882
2025-02-07 08:00:00,188.449,188.668,188.301,188.659,3095
2025-02-07 09:00:00,188.66,188.948,188.607,188.883,3449
2025-02-07 10:00:00,188.882,189.226,188.777,189.146,3490
2025-02-07 11:00:00,189.14,189.27,189.053,189.15,3577
2025-02-07 12:00:00,189.149,189.576,189.137,189.395,3512
2025-02-07 13:00:00,189.394,189.519,189.361,189.475,2894
2025-02-07 14:00:00,189.478,189.553,189.129,189.198,3267
2025-02-07 15:00:00,189.193,189.512,188.674,188.878,5214
2025-02-07 16:00:00,188.875,189.16,188.739,188.798,5364
2025-02-07 17:00:00,188.741,188.857,187.722,188.077,5807
2025-02-07 18:00:00,188.079,188.095,187.042,187.497,5891
2025-02-07 19:00:00,187.494,188.124,187.431,188.095,5392
2025-02-07 20:00:00,188.096,188.294,187.691,187.781,3355
2025-02-07 21:00:00,187.775,188.098,187.672,187.909,3551
2025-02-07 22:00:00,187.902,187.922,187.693,187.719,3405
2025-02-07 23:00:00,187.715,187.862,187.668,187.714,1978
2025-02-10 00:00:00,187.054,187.705,186.986,187.589,979
2025-02-10 01:00:00,187.688,188.174,187.542,188.151,2987
2025-02-10 02:00:00,188.15,188.253,187.973,188.186,3159
2025-02-10 03:00:00,188.186,188.429,188.18,188.222,3299
2025-02-10 04:00:00,188.221,188.446,188.174,188.369,2799
2025-02-10 05:00:00,188.371,188.429,188.198,188.318,2447
2025-02-10 06:00:00,188.321,188.393,188.234,188.316,2068
2025-02-10 07:00:00,188.318,188.635,188.318,188.424,2161
2025-02-10 08:00:00,188.422,188.486,188.245,188.478,2600
2025-02-10 09:00:00,188.469,188.78,188.469,188.749,3477
2025-02-10 10:00:00,188.751,189.097,188.703,188.919,3953
2025-02-10 11:00:00,188.921,189.141,188.777,188.838,3638
2025-02-10 12:00:00,188.844,188.981,188.765,188.772,2998
2025-02-10 13:00:00,188.769,188.904,188.609,188.653,3226
2025-02-10 14:00:00,188.65,188.671,188.343,188.376,3624
2025-02-10 15:00:00,188.38,188.439,188.115,188.161,3820
2025-02-10 16:00:00,188.155,188.165,187.615,187.711,3963
2025-02-10 17:00:00,187.716,187.975,187.683,187.823,4210
2025-02-10 18:00:00,187.822,187.951,187.761,187.848,3963
2025-02-10 19:00:00,187.849,188.009,187.837,188.005,2868
2025-02-10 20:00:00,188.005,188.084,187.917,188.008,2719
2025-02-10 21:00:00,187.995,188.084,187.932,187.934,2563
2025-02-10 22:00:00,187.938,188.028,187.895,187.895,1939
2025-02-10 23:00:00,187.895,187.97,187.865,187.96,1423
2025-02-11 00:00:00,187.922,187.97,187.806,187.818,786
2025-02-11 01:00:00,187.813,187.896,187.519,187.594,1925
2025-02-11 02:00:00,187.594,187.691,187.407,187.648,1919
2025-02-11 03:00:00,187.652,187.907,187.641,187.878,2959
2025-02-11 04:00:00,187.879,187.881,187.602,187.633,3077
2025-02-11 05:00:00,187.633,187.802,187.565,187.749,2551
2025-02-11 06:00:00,187.743,187.862,187.743,187.849,1926
2025-02-11 07:00:00,187.85,187.891,187.795,187.829,1792
2025-02-11 08:00:00,187.835,187.9,187.702,187.741,2706
2025-02-11 09:00:00,187.731,187.768,187.477,187.493,3130
2025-02-11 10:00:00,187.495,187.779,187.243,187.666,3998
2025-02-11 11:00:00,187.665,188.042,187.633,187.882,3414
2025-02-11 12:00:00,187.883,188.106,187.854,188.038,3172
2025-02-11 13:00:00,188.037,188.438,188.023,188.38,2639
2025-02-11 14:00:00,188.391,188.658,188.152,188.647,3432
2025-02-11 15:00:00,188.64,188.924,188.555,188.825,3914
2025-02-11 16:00:00,188.825,189.117,188.759,188.934,3828
2025-02-11 17:00:00,188.94,189.455,188.866,189.166,4559
2025-02-11 18:00:00,189.164,189.283,189.075,189.259,4172
2025-02-11 19:00:00,189.257,189.332,189.182,189.287,3308
2025-02-11 20:00:00,189.286,189.468,189.2,189.385,3177
2025-02-11 21:00:00,189.383,189.72,189.369,189.67,3161
2025-02-11 22:00:00,189.669,189.918,189.628,189.848,3148
2025-02-11 23:00:00,189.851,189.851,189.718,189.75,1961
2025-02-12 00:00:00,189.649,189.78,189.329,189.66,814
2025-02-12 01:00:00,189.693,190.206,189.658,190.206,1831
2025-02-12 02:00:00,190.191,190.655,190.138,190.636,2901
2025-02-12 03:00:00,190.643,191.068,190.4,191.066,3101
2025-02-12 04:00:00,191.068,191.218,190.978,191.065,2767
2025-02-12 05:00:00,191.065,191.336,191.059,191.277,2616
2025-02-12 06:00:00,191.277,191.376,191.132,191.202,2380
2025-02-12 07:00:00,191.203,191.235,191.067,191.072,2226
2025-02-12 08:00:00,191.065,191.253,191.054,191.095,2518
2025-02-12 09:00:00,191.117,191.451,190.914,191.433,3094
2025-02-12 10:00:00,191.44,191.727,190.985,191.055,3878
2025-02-12 11:00:00,191.057,191.138,190.84,191.07,3240
2025-02-12 12:00:00,191.071,191.276,190.971,191.077,2907
2025-02-12 13:00:00,191.078,191.319,191.022,191.264,2933
2025-02-12 14:00:00,191.263,191.365,191.033,191.196,2871
2025-02-12 15:00:00,191.189,191.377,190.712,191.304,5148
2025-02-12 16:00:00,191.3,191.554,191.053,191.543,5045
2025-02-12 17:00:00,191.543,192.285,191.41,192.026,5374
2025-02-12 18:00:00,192.024,192.397,191.794,192.385,4727
2025-02-12 19:00:00,192.391,192.67,192.347,192.592,4745
2025-02-12 20:00:00,192.584,192.651,192.054,192.094,4244
2025-02-12 21:00:00,192.092,192.264,192.056,192.197,3266
2025-02-12 22:00:00,192.2,192.237,192.125,192.187,2905
2025-02-12 23:00:00,192.181,192.232,192.008,192.129,2194
2025-02-13 00:00:00,192.124,192.126,191.895,192.05,733
2025-02-13 01:00:00,192.045,192.235,191.944,192.016,1710
2025-02-13 02:00:00,192.01,192.323,191.913,192.309,2880
2025-02-13 03:00:00,192.318,192.446,192.095,192.143,3195
2025-02-13 04:00:00,192.143,192.225,192.07,192.193,2850
2025-02-13 05:00:00,192.194,192.447,192.194,192.443,3053
2025-02-13 06:00:00,192.443,192.946,192.434,192.762,3215
2025-02-13 07:00:00,192.763,192.889,192.538,192.562,2912
2025-02-13 08:00:00,192.571,192.684,192.214,192.37,3480
2025-02-13 09:00:00,192.511,193.048,192.432,192.992,3892
2025-02-13 10:00:00,192.979,193.006,192.119,192.155,4063
2025-02-13 11:00:00,192.153,192.46,192.028,192.331,3470
2025-02-13 12:00:00,192.326,192.53,192.097,192.133,3127
2025-02-13 13:00:00,192.134,192.33,191.718,191.922,3427
2025-02-13 14:00:00,191.919,191.921,191.599,191.795,3948
2025-02-13 15:00:00,191.808,191.866,191.28,191.438,4427
2025-02-13 16:00:00,191.439,191.622,191.165,191.618,4650
2025-02-13 17:00:00,191.623,192.245,191.498,191.772,5539
2025-02-13 18:00:00,191.772,191.91,191.685,191.865,4360
2025-02-13 19:00:00,191.865,191.996,191.772,191.784,3601
2025-02-13 20:00:00,191.78,191.957,191.245,191.701,4157
2025-02-13 21:00:00,191.7,191.822,191.548,191.72,4123
2025-02-13 22:00:00,191.721,191.93,191.683,191.845,3488
2025-02-13 23:00:00,191.84,192.017,191.811,191.977,2508
2025-02-14 00:00:00,191.985,192.029,191.675,192.002,637
2025-02-14 01:00:00,191.993,192.332,191.95,192.208,1926
2025-02-14 02:00:00,192.227,192.273,191.61,191.727,3214
2025-02-14 03:00:00,191.725,191.78,191.522,191.675,2903
2025-02-14 04:00:00,191.675,192.025,191.626,191.94,2491
2025-02-14 05:00:00,191.939,192.105,191.909,191.933,1901
2025-02-14 06:00:00,191.934,192.035,191.614,191.626,1600
2025-02-14 07:00:00,191.63,191.698,191.472,191.581,1670
2025-02-14 08:00:00,191.578,191.755,191.486,191.536,2230
2025-02-14 09:00:00,191.52,191.98,191.483,191.865,3398
2025-02-14 10:00:00,191.867,192.326,191.817,192.23,3844
2025-02-14 11:00:00,192.216,192.389,191.942,191.969,3136
2025-02-14 12:00:00,191.957,192.018,191.784,191.848,2736
2025-02-14 13:00:00,191.84,192.183,191.752,192.118,2704
2025-02-14 14:00:00,192.116,192.217,191.978,192.211,2929
2025-02-14 15:00:00,192.212,192.497,191.689,191.783,4291
2025-02-14 16:00:00,191.781,192.241,191.727,192.225,4288
2025-02-14 17:00:00,192.229,192.25,191.85,191.96,4483
2025-02-14 18:00:00,191.957,192.017,191.631,191.916,3918
2025-02-14 19:00:00,191.914,192.074,191.864,192.025,3052
2025-02-14 20:00:00,192.016,192.084,191.85,191.924,2538
2025-02-14 21:00:00,191.922,191.944,191.666,191.703,2553
2025-02-14 22:00:00,191.695,191.782,191.686,191.717,2495
2025-02-14 23:00:00,191.707,191.741,191.593,191.656,1815
2025-02-17 00:00:00,191.432,191.655,191.425,191.636,645
2025-02-17 01:00:00,191.635,191.73,191.234,191.279,2142
2025-02-17 02:00:00,191.281,191.389,191.035,191.146,3221
2025-02-17 03:00:00,191.147,191.392,190.939,191.373,2918
2025-02-17 04:00:00,191.371,191.393,190.787,190.866,3467
2025-02-17 05:00:00,190.867,191.001,190.839,190.904,3000
2025-02-17 06:00:00,190.902,191.121,190.883,191.049,2609
2025-02-17 07:00:00,191.05,191.056,190.703,190.734,3627
2025-02-17 08:00:00,190.735,191.195,190.703,191.109,3620
2025-02-17 09:00:00,191.104,191.306,190.863,191.271,3786
2025-02-17 10:00:00,191.27,191.363,191.044,191.078,3574
2025-02-17 11:00:00,191.074,191.308,191.015,191.139,3415
2025-02-17 12:00:00,191.137,191.198,190.944,191.066,3380
2025-02-17 13:00:00,191.061,191.21,190.823,190.922,3021
2025-02-17 14:00:00,190.925,190.995,190.677,190.797,3312
2025-02-17 15:00:00,190.796,190.9,190.712,190.749,2830
2025-02-17 16:00:00,190.748,190.792,190.63,190.782,3014
2025-02-17 17:00:00,190.785,190.859,190.68,190.809,3104
2025-02-17 18:00:00,190.808,190.985,190.771,190.948,1923
2025-02-17 19:00:00,190.949,191.186,190.94,191.082,1549
2025-02-17 20:00:00,191.083,191.148,191.039,191.145,1195
2025-02-17 21:00:00,191.14,191.279,191.117,191.163,1540
2025-02-17 22:00:00,191.163,191.207,191.14,191.172,1134
2025-02-17 23:00:00,191.167,191.301,191.167,191.229,1346
2025-02-18 00:00:00,191.118,191.246,191.024,191.188,490
2025-02-18 01:00:00,191.184,191.321,190.831,191.118,1507
2025-02-18 02:00:00,191.117,191.37,191.095,191.269,2998
2025-02-18 03:00:00,191.269,191.325,191.138,191.255,3515
2025-02-18 04:00:00,191.254,191.455,191.21,191.404,2783
2025-02-18 05:00:00,191.405,191.676,191.367,191.664,3429
2025-02-18 06:00:00,191.656,191.739,191.535,191.659,3091
2025-02-18 07:00:00,191.658,191.721,191.444,191.489,3172
2025-02-18 08:00:00,191.485,191.586,191.33,191.409,3295
2025-02-18 09:00:00,191.398,191.807,191.36,191.801,3243
2025-02-18 10:00:00,191.803,191.94,191.571,191.593,3779
2025-02-18 11:00:00,191.591,191.683,191.351,191.409,3140
2025-02-18 12:00:00,191.404,191.439,191.056,191.147,3018
2025-02-18 13:00:00,191.153,191.335,191.114,191.245,2697
2025-02-18 14:00:00,191.249,191.417,190.96,190.991,3158
2025-02-18 15:00:00,190.991,191.126,190.846,191.015,3681
2025-02-18 16:00:00,191.017,191.41,190.926,191.365,3543
2025-02-18 17:00:00,191.362,191.388,191.146,191.31,3824
2025-02-18 18:00:00,191.305,191.501,191.283,191.423,2941
2025-02-18 19:00:00,191.421,191.511,191.334,191.431,2186
2025-02-18 20:00:00,191.433,191.507,191.323,191.507,2087
2025-02-18 21:00:00,191.505,191.514,191.372,191.378,1822
2025-02-18 22:00:00,191.384,191.671,191.355,191.636,2112
2025-02-18 23:00:00,191.635,191.813,191.621,191.752,1496
2025-02-19 00:00:00,191.742,192.095,191.52,192.004,839
2025-02-19 01:00:00,192.113,192.119,191.768,191.784,1435
2025-02-19 02:00:00,191.783,191.916,191.617,191.84,2661
2025-02-19 03:00:00,191.839,191.904,191.328,191.887,3738
2025-02-19 04:00:00,191.879,192.105,191.698,191.79,3407
2025-02-19 05:00:00,191.797,191.837,191.577,191.623,2947
2025-02-19 06:00:00,191.624,191.655,191.421,191.46,2682
2025-02-19 07:00:00,191.459,191.584,191.409,191.575,2841
2025-02-19 08:00:00,191.576,191.582,191.161,191.287,3330
2025-02-19 09:00:00,191.3,191.617,191.211,191.364,3531
2025-02-19 10:00:00,191.373,191.726,191.26,191.356,3269
2025-02-19 11:00:00,191.347,191.503,191.062,191.146,3008
2025-02-19 12:00:00,191.149,191.287,190.933,191.057,2879
2025-02-19 13:00:00,191.06,191.272,191.026,191.079,3534
2025-02-19 14:00:00,191.076,191.28,190.892,191.188,3234
2025-02-19 15:00:00,191.191,191.235,190.984,190.993,3934
2025-02-19 16:00:00,190.994,191.053,190.503,190.557,5747
2025-02-19 17:00:00,190.562,190.899,190.45,190.623,6371
2025-02-19 18:00:00,190.624,190.818,190.523,190.673,5402
2025-02-19 19:00:00,190.667,190.808,190.53,190.735,3734
2025-02-19 20:00:00,190.734,190.825,190.65,190.674,3862
2025-02-19 21:00:00,190.684,190.715,190.507,190.668,4920
2025-02-19 22:00:00,190.668,190.707,190.57,190.664,3564
2025-02-19 23:00:00,190.622,190.675,190.573,190.618,1782
2025-02-20 00:00:00,190.438,190.61,190.364,190.425,753
2025-02-20 01:00:00,190.458,190.533,190.092,190.281,2999
2025-02-20 02:00:00,190.279,190.322,189.921,190.118,5663
2025-02-20 03:00:00,190.119,190.135,189.494,189.55,6100
2025-02-20 04:00:00,189.548,189.867,189.362,189.793,5671
2025-02-20 05:00:00,189.794,189.814,189.399,189.432,4541
2025-02-20 06:00:00,189.43,189.469,189.168,189.226,4244
2025-02-20 07:00:00,189.225,189.419,189.158,189.414,3925
2025-02-20 08:00:00,189.414,189.428,188.867,188.906,4631
2025-02-20 09:00:00,188.904,189.246,188.789,189.142,4894
2025-02-20 10:00:00,189.141,189.668,189.128,189.553,5362
2025-02-20 11:00:00,189.552,189.742,189.401,189.6,4457
2025-02-20 12:00:00,189.599,189.603,189.318,189.35,4281
2025-02-20 13:00:00,189.349,189.409,189.197,189.409,4269
2025-02-20 14:00:00,189.423,189.452,189.075,189.102,5357
2025-02-20 15:00:00,189.103,189.38,188.933,189.297,6235
2025-02-20 16:00:00,189.298,189.462,188.948,188.968,6640
2025-02-20 17:00:00,188.967,189.239,188.684,188.984,7575
2025-02-20 18:00:00,188.987,189.261,188.934,189.17,5876
2025-02-20 19:00:00,189.163,189.244,189.058,189.108,4916
2025-02-20 20:00:00,189.106,189.457,189.095,189.441,4065
2025-02-20 21:00:00,189.438,189.783,189.432,189.752,3571
2025-02-20 22:00:00,189.753,189.787,189.57,189.611,3235
2025-02-20 23:00:00,189.565,189.591,189.5,189.551,1791
2025-02-21 00:00:00,189.482,189.531,189.116,189.367,1449
2025-02-21 01:00:00,189.38,189.599,189.193,189.379,3700
2025-02-21 02:00:00,189.379,189.814,189.359,189.677,5215
2025-02-21 03:00:00,189.673,190.398,189.633,190.272,5575
2025-02-21 04:00:00,190.273,190.922,190.161,190.692,4973
2025-02-21 05:00:00,190.693,190.72,190.315,190.441,3655
2025-02-21 06:00:00,190.443,190.454,190.187,190.381,2945
2025-02-21 07:00:00,190.379,190.486,190.303,190.356,3422
2025-02-21 08:00:00,190.353,190.631,190.283,190.557,3833
2025-02-21 09:00:00,190.59,190.942,190.553,190.736,5321
2025-02-21 10:00:00,190.74,190.786,190.305,190.441,6361
2025-02-21 11:00:00,190.473,190.49,190.018,190.347,4996
2025-02-21 12:00:00,190.342,190.404,190.167,190.182,3589
2025-02-21 13:00:00,190.176,190.242,189.945,190.022,3331
2025-02-21 14:00:00,190.022,190.242,189.99,190.202,3677
2025-02-21 15:00:00,190.203,190.363,190.058,190.23,4745
2025-02-21 16:00:00,190.232,190.295,189.515,189.59,6514
2025-02-21 17:00:00,189.59,189.614,188.9,189.007,7582
2025-02-21 18:00:00,189.007,189.204,188.847,189.022,5349
2025-02-21 19:00:00,189.017,189.086,188.633,188.68,5215
2025-02-21 20:00:00,188.682,188.682,188.233,188.402,6459
2025-02-21 21:00:00,188.402,188.417,188.137,188.296,5408
2025-02-21 22:00:00,188.283,188.459,188.248,188.355,4450
2025-02-21 23:00:00,188.314,188.618,188.293,188.59,3194
2025-02-24 00:00:00,188.489,188.64,188.297,188.484,1206
2025-02-24 01:00:00,188.614,189.025,188.551,188.973,3715
2025-02-24 02:00:00,188.978,188.978,188.6,188.641,5869
2025-02-24 03:00:00,188.639,189.232,188.637,189.21,6568
2025-02-24 04:00:00,189.221,189.577,189.207,189.288,5555
2025-02-24 05:00:00,189.287,189.465,189.074,189.152,4429
2025-02-24 06:00:00,189.154,189.259,189.115,189.158,3227
2025-02-24 07:00:00,189.16,189.44,189.081,189.351,4289
2025-02-24 08:00:00,189.35,189.429,189.212,189.299,4723
2025-02-24 09:00:00,189.293,189.383,188.726,188.975,5872
2025-02-24 10:00:00,188.987,189.068,188.472,188.992,6600
2025-02-24 11:00:00,188.991,189.259,188.809,189.021,5542
2025-02-24 12:00:00,189.014,189.185,188.877,189.174,4771
2025-02-24 13:00:00,189.175,189.352,189.089,189.26,4258
2025-02-24 14:00:00,189.261,189.343,189.094,189.274,4472
2025-02-24 15:00:00,189.272,189.523,189.11,189.367,5303
2025-02-24 16:00:00,189.375,189.475,188.351,188.419,7082
2025-02-24 17:00:00,188.422,188.723,188.226,188.415,8344
2025-02-24 18:00:00,188.416,189.205,188.416,189.043,6483
2025-02-24 19:00:00,189.035,189.295,189.013,189.068,6023
2025-02-24 20:00:00,189.068,189.152,188.939,189.128,4517
2025-02-24 21:00:00,189.127,189.304,189.034,189.073,4506
2025-02-24 22:00:00,189.072,189.196,188.881,188.987,5036
2025-02-24 23:00:00,188.946,189.055,188.887,188.974,2305
2025-02-25 00:00:00,188.945,189.042,188.876,189.025,1035
2025-02-25 01:00:00,189.068,189.155,188.998,189.139,3139
2025-02-25 02:00:00,189.14,189.506,189.138,189.464,4857
2025-02-25 03:00:00,189.463,189.658,189.378,189.405,5399
2025-02-25 04:00:00,189.405,189.457,189.275,189.296,4906
2025-02-25 05:00:00,189.295,189.354,188.998,189.06,4217
2025-02-25 06:00:00,189.061,189.126,188.833,188.94,4234
2025-02-25 07:00:00,188.939,189.244,188.911,189.188,3734
2025-02-25 08:00:00,189.188,189.293,189.074,189.161,4825
2025-02-25 09:00:00,189.16,189.205,188.246,188.289,6430
2025-02-25 10:00:00,188.288,188.846,188.164,188.608,6988
2025-02-25 11:00:00,188.609,189.059,188.577,188.846,5958
2025-02-25 12:00:00,188.845,189.16,188.81,189.082,4964
2025-02-25 13:00:00,189.085,189.585,189.022,189.55,5253
2025-02-25 14:00:00,189.545,189.551,189.188,189.456,5959
2025-02-25 15:00:00,189.456,189.746,189.26,189.337,6332
2025-02-25 16:00:00,189.336,189.413,188.811,188.902,7291
2025-02-25 17:00:00,188.905,188.905,188.27,188.646,8985
2025-02-25 18:00:00,188.632,188.717,188.156,188.611,7548
2025-02-25 19:00:00,188.602,188.767,188.37,188.766,6101
2025-02-25 20:00:00,188.766,189.117,188.716,188.923,6123
2025-02-25 21:00:00,188.91,188.931,188.693,188.864,5974
2025-02-25 22:00:00,188.868,188.972,188.655,188.717,5372
2025-02-25 23:00:00,188.679,188.837,188.652,188.707,2931
2025-02-26 00:00:00,188.707,188.839,188.555,188.83,1333
2025-02-26 01:00:00,188.862,189.009,188.663,188.872,3162
2025-02-26 02:00:00,188.87,188.898,188.396,188.744,4876
2025-02-26 03:00:00,188.744,189.004,188.464,188.983,5600
2025-02-26 04:00:00,188.992,189.171,188.9,189.145,5337
2025-02-26 05:00:00,189.131,189.224,188.884,188.971,4271
2025-02-26 06:00:00,188.968,189.121,188.826,188.906,3792
2025-02-26 07:00:00,188.908,189.103,188.81,188.858,4363
2025-02-26 08:00:00,188.863,189.213,188.837,189.181,4493
2025-02-26 09:00:00,189.181,189.234,188.942,189.123,6102
2025-02-26 10:00:00,189.119,189.244,188.728,188.876,6252
2025-02-26 11:00:00,188.878,189.067,188.851,188.994,5327
2025-02-26 12:00:00,188.992,189.077,188.775,189.063,5051
2025-02-26 13:00:00,189.063,189.19,188.991,189.144,4326
2025-02-26 14:00:00,189.144,189.268,188.985,189.162,4921
2025-02-26 15:00:00,189.168,189.355,189.014,189.224,6324
2025-02-26 16:00:00,189.224,189.665,189.009,189.554,7213
2025-02-26 17:00:00,189.558,189.86,189.498,189.766,8105
2025-02-26 18:00:00,189.769,189.831,189.284,189.307,6782
2025-02-26 19:00:00,189.299,189.561,189.052,189.179,7312
2025-02-26 20:00:00,189.173,189.28,188.705,188.844,6404
2025-02-26 21:00:00,188.84,188.922,188.615,188.777,6061
2025-02-26 22:00:00,188.788,188.952,188.678,188.85,4793
2025-02-26 23:00:00,188.856,189.074,188.808,188.94,3414
2025-02-27 00:00:00,188.859,188.98,188.716,188.847,756
2025-02-27 01:00:00,188.812,188.901,188.646,188.78,3001
2025-02-27 02:00:00,188.783,188.959,188.57,188.892,5640
2025-02-27 03:00:00,188.893,189.206,188.781,189.154,5498
2025-02-27 04:00:00,189.165,189.188,188.894,188.977,4913
2025-02-27 05:00:00,188.982,189.137,188.86,188.864,4354
2025-02-27 06:00:00,188.864,188.915,188.615,188.663,4131
2025-02-27 07:00:00,188.669,188.996,188.661,188.982,4852
2025-02-27 08:00:00,188.988,189.131,188.918,188.995,4839
2025-02-27 09:00:00,189.004,189.108,188.882,189.067,5010
2025-02-27 10:00:00,189.075,189.766,188.929,189.71,5965
2025-02-27 11:00:00,189.709,190.107,189.625,189.981,5213
2025-02-27 12:00:00,189.981,190.076,189.828,189.995,4641
2025-02-27 13:00:00,189.995,190.102,189.702,189.826,4384
2025-02-27 14:00:00,189.832,189.926,189.466,189.555,5318
2025-02-27 15:00:00,189.564,189.764,189.0,189.146,7940
2025-02-27 16:00:00,189.111,189.703,188.978,189.09,8531
2025-02-27 17:00:00,189.091,189.58,188.863,189.341,9285
2025-02-27 18:00:00,189.348,189.54,189.082,189.158,7541
2025-02-27 19:00:00,189.155,189.261,189.034,189.142,6083
2025-02-27 20:00:00,189.141,189.596,189.12,189.562,5259
2025-02-27 21:00:00,189.555,189.566,188.822,188.94,6101
2025-02-27 22:00:00,188.936,188.956,188.609,188.753,5940
2025-02-27 23:00:00,188.766,188.775,188.581,188.739,2999
2025-02-28 00:00:00,188.747,188.747,188.518,188.717,937
2025-02-28 01:00:00,188.713,189.072,188.471,189.054,3278
2025-02-28 02:00:00,189.06,189.137,188.268,188.294,5713
2025-02-28 03:00:00,188.309,188.483,188.021,188.029,6335
2025-02-28 04:00:00,188.029,188.208,187.674,188.155,6037
2025-02-28 05:00:00,188.156,188.345,188.062,188.271,4881
2025-02-28 06:00:00,188.273,188.403,188.13,188.237,3881
2025-02-28 07:00:00,188.237,188.618,188.213,188.568,4437
2025-02-28 08:00:00,188.566,188.812,188.497,188.743,5103
2025-02-28 09:00:00,188.741,189.51,188.615,189.375,6243
2025-02-28 10:00:00,189.375,189.879,189.315,189.709,6329
2025-02-28 11:00:00,189.723,189.849,189.163,189.245,5816
2025-02-28 12:00:00,189.244,189.491,189.218,189.366,4534
2025-02-28 13:00:00,189.365,189.484,189.25,189.412,4212
2025-02-28 14:00:00,189.409,189.916,189.4,189.846,5181
2025-02-28 15:00:00,189.842,190.227,189.814,189.849,7203
2025-02-28 16:00:00,189.852,190.144,189.41,189.908,8127
2025-02-28 17:00:00,189.899,190.309,189.618,189.748,8872
2025-02-28 18:00:00,189.736,189.868,189.089,189.635,8268
2025-02-28 19:00:00,189.628,189.721,189.278,189.3,6871
2025-02-28 20:00:00,189.299,189.392,188.825,188.838,7749
2025-02-28 21:00:00,188.827,189.35,188.8,189.251,6695
2025-02-28 22:00:00,189.256,189.482,189.084,189.351,6613
2025-02-28 23:00:00,189.312,189.44,189.254,189.418,3169
